tick,legality_reference_surface_count,legality_feasible_surface_count,legality_middle_stage_active,legality_handoff_ready,expected_position_rms_error,projection_pairs_count,projection_mean_displacement,projection_max_displacement,corrected_unit_ratio
1,100,100,True,True,0.14842255585015873,80,0.36117894748889684,0.5927506998767439,0.84
2,100,100,True,True,0.24201556124412782,77,0.2332602833779954,0.5725138704910592,0.92
3,100,100,True,True,0.3187853384162231,73,0.12301220345424328,0.3575487495685972,0.84
4,100,100,True,True,0.3868234019651158,73,0.12234632287761343,0.5773704732598487,0.86
5,100,100,True,True,0.41124441887533114,63,0.14983556769244882,0.553462230483005,0.94
6,100,100,True,True,0.4453374291472212,64,0.1597612076561223,0.5916870125149181,0.85
7,100,100,True,True,0.4487751953489723,72,0.11156658647012506,0.47630695856477606,0.92
8,100,100,True,True,0.47183502671492156,70,0.1541716097509497,0.5093862215607735,0.87
9,100,100,True,True,0.4849444317516565,71,0.16439941406707717,0.5884034057307103,0.88
10,100,100,True,True,0.5245121265539452,70,0.1637788880048571,0.5710020155158029,0.88
11,100,100,True,True,0.5475403351339988,66,0.1442345200835326,0.6101264672729373,0.85
12,100,100,True,True,0.5576650746539469,64,0.12852265269412821,0.5168522926738304,0.84
13,100,100,True,True,0.5878875327050649,59,0.14296662997093743,0.6280472529255348,0.8
14,100,100,True,True,0.5960552894429948,55,0.09453197013187782,0.48416719843720646,0.76
15,100,100,True,True,0.6280376345359936,63,0.11555661523007554,0.6487541778854071,0.76
16,100,100,True,True,0.6408668789848311,60,0.12665916610796912,0.6336486953267286,0.71
17,100,100,True,True,0.6586373992457119,50,0.10239606404772339,0.42040187163066434,0.67
18,100,100,True,True,0.6744814170451747,52,0.09048770092351513,0.4056795673043734,0.65
19,100,100,True,True,0.695558388941268,52,0.10703262413646245,0.5090364234492547,0.67
20,100,100,True,True,0.7008557903853927,47,0.06528663678744769,0.3501450925792664,0.65
21,100,100,True,True,0.715112011329945,50,0.08896509180396908,0.3650877634980629,0.67
22,100,100,True,True,0.7202372642493748,47,0.09080728094620844,0.4552862087900604,0.63
23,100,100,True,True,0.7350290482582121,46,0.0837201175447464,0.4370584181878249,0.59
24,100,100,True,True,0.7643843943627145,46,0.07277664449235234,0.5356224185821336,0.62
25,100,100,True,True,0.7840543895322276,39,0.046484651987098335,0.381310215335729,0.55
26,100,100,True,True,0.785242123404507,35,0.035030906426990825,0.4043987131763799,0.51
27,100,100,True,True,0.7942402047711159,35,0.04753799942534967,0.35852625385298903,0.46
28,100,100,True,True,0.8010627396101991,28,0.0343657269672958,0.3229249978726868,0.43
29,100,100,True,True,0.8032108791537954,25,0.020044435377098314,0.1842274261312051,0.39
30,100,100,True,True,0.808784663846454,31,0.03522639800666504,0.31845744488859656,0.41
31,100,100,True,True,0.8186259169041759,21,0.0342553779348084,0.2420549696615971,0.32
32,100,100,True,True,0.8321071682432252,26,0.04301138291834406,0.46611159685666836,0.4
33,100,100,True,True,0.8284188284551778,30,0.04120171438057788,0.3065877145848107,0.47
34,100,100,True,True,0.8436329299771848,27,0.035855834239067075,0.3104521667983778,0.39
35,100,100,True,True,0.855170676037054,29,0.049890529277355336,0.4036823693631801,0.41
36,100,100,True,True,0.8645506212218242,26,0.03870768240458539,0.3314715993749886,0.4
37,100,100,True,True,0.8795491697522692,31,0.03983927599063575,0.2487540652576345,0.43
38,100,100,True,True,0.8930018803892282,31,0.03431068142233013,0.38774693625053,0.42
39,100,100,True,True,0.9097108957804061,26,0.0335020086140372,0.2169494381434736,0.41
40,100,100,True,True,0.9165883702980803,25,0.02555600271619161,0.3327869689866053,0.36
41,100,100,True,True,0.9203538592918697,20,0.017341473071583565,0.17101378153031643,0.32
42,100,100,True,True,0.9233347795082576,15,0.015332403897729463,0.45370514750254115,0.25
43,100,100,True,True,0.9297553220419991,17,0.022905327939240452,0.24324093615687045,0.29
44,100,100,True,True,0.9437267622673832,14,0.017106124043817096,0.19895691138152177,0.25
45,100,100,True,True,0.9478926343821007,17,0.021345790890324463,0.23292335311592816,0.29
46,100,100,True,True,0.946755972713481,9,0.008324269248513101,0.20587089415510929,0.15
47,100,100,True,True,0.9511451159365149,9,0.01246971369236959,0.21855730500794301,0.16
48,100,100,True,True,0.9533985043821609,14,0.013478702930316246,0.18182150894600407,0.25
49,100,100,True,True,0.9637808610448696,12,0.018001972183000644,0.19825148076105578,0.2
50,100,100,True,True,0.9803412815669437,11,0.018081001229776072,0.3013341071075889,0.21
51,100,100,True,True,0.9818086302183836,16,0.02150838945442687,0.26576827926417634,0.25
52,100,100,True,True,0.9817407468739834,12,0.0065235958637868685,0.13094432832603328,0.19
53,100,100,True,True,0.9891260702501807,12,0.00887689853799719,0.13116457624767808,0.2
54,100,100,True,True,0.991669319234775,11,0.007681645623328416,0.20089028078287005,0.19
55,100,100,True,True,0.9980173897284372,14,0.011933141447827094,0.2202521796278193,0.24
56,100,100,True,True,1.002910658517207,11,0.004230924615364811,0.10012224356020877,0.2
57,100,100,True,True,1.0012322057035095,9,0.007752869259121565,0.19554200166166738,0.17
58,100,100,True,True,1.0019359769225427,10,0.006763184171908345,0.18737209371991867,0.15
59,100,100,True,True,0.9988066784924697,4,0.000266373571519174,0.0102932480723269,0.08
60,100,100,True,True,1.0008116346415707,6,0.003829679705034088,0.1846086150512113,0.12
61,100,100,True,True,1.0001992744768446,2,0.0029810560332331026,0.12277493460638411,0.04
62,100,100,True,True,0.9955887971220093,6,0.005827072138142799,0.2130288989201265,0.09
63,100,100,True,True,0.9952509074004949,3,0.0001701686016580328,0.0077478119147901215,0.05
64,100,100,True,True,0.9940900200580502,4,0.00036933499985187135,0.013064062532571084,0.08
65,100,100,True,True,0.9939677350512175,2,2.8990385603520074e-05,0.0011051938721610144,0.04
66,100,100,True,True,0.9938887447744092,2,0.00021569033360954886,0.009446130097312148,0.03
67,100,100,True,True,0.9936746862628423,4,0.0006435762572088212,0.030318521732036658,0.07
68,100,100,True,True,0.9979225546110899,7,0.012494204253561503,0.23247075889930735,0.12
69,100,100,True,True,0.9987201888111565,5,0.0032042601710655007,0.09589221038020124,0.09
70,100,100,True,True,0.9987335018285785,5,0.00584035832548224,0.21004952262134982,0.1
71,100,100,True,True,1.0016557756212527,9,0.005865618723826188,0.16580836938519614,0.14
72,100,100,True,True,1.0069788445711767,3,0.0004103313899072347,0.019559927561394574,0.06
73,100,100,True,True,1.006151088869033,0,0.0,0.0,0.0
74,100,100,True,True,1.0055235093749155,2,1.6581365692154292e-05,0.000681975375824817,0.04
75,100,100,True,True,1.009425658075272,3,0.0024304192112491975,0.12133588966058861,0.06
76,100,100,True,True,1.0063422113379055,4,0.005883707885454128,0.18296321996857223,0.08
77,100,100,True,True,1.0053102352064982,2,0.0009152192713662011,0.035295032849365415,0.04
78,100,100,True,True,1.0073324357304183,5,0.004826424291036635,0.20677907588782496,0.1
79,100,100,True,True,1.0095136004702794,3,0.0030782692198817268,0.14191124855188822,0.06
80,100,100,True,True,1.0112245764865344,3,0.004095957490638014,0.17649996322645034,0.06
81,100,100,True,True,1.0109772894998412,6,0.0013274012587739315,0.039554018301770445,0.1
82,100,100,True,True,1.011937572660776,8,0.006217941083296714,0.15278631264454093,0.13
83,100,100,True,True,1.0109061792427023,7,0.0014776168565329615,0.027558481007655122,0.12
84,100,100,True,True,1.0111916107432755,6,0.0017699211680631155,0.05986448415387563,0.09
85,100,100,True,True,1.0137338506755937,5,0.0010051267254224895,0.03986272269228887,0.09
86,100,100,True,True,1.0134246008529162,2,5.6921978882873427e-05,0.0026289168635691418,0.04
87,100,100,True,True,1.0131883117975653,5,0.00031844350615613194,0.007249863786915056,0.1
88,100,100,True,True,1.0147353867210727,6,0.004979059950385515,0.19260881011291234,0.11
89,100,100,True,True,1.0168211099363322,7,0.006200326283291015,0.18995690012824507,0.13
90,100,100,True,True,1.0212884132894338,7,0.005095601623122825,0.1826122559615787,0.12
91,100,100,True,True,1.020344187229923,3,0.0004967315623921587,0.022455223394539536,0.06
92,100,100,True,True,1.0212282425963821,4,0.003233598144250602,0.10625014599689607,0.08
93,100,100,True,True,1.0261315671751656,3,0.005983500135754814,0.235891954472076,0.06
94,100,100,True,True,1.0294384984863603,11,0.011023451126210324,0.2191137620023624,0.17
95,100,100,True,True,1.0323239871298524,6,0.005734099355421232,0.10000496101344158,0.09
96,100,100,True,True,1.0387396195608702,6,0.007790818424287908,0.1263128620230506,0.1
97,100,100,True,True,1.0381639342453053,6,0.007589290987419531,0.30528256634951756,0.11
98,100,100,True,True,1.0378277940216,3,7.388921726293462e-05,0.002865456811902201,0.06
99,100,100,True,True,1.038948723757511,5,0.003416725970483088,0.10546246100125055,0.1
100,100,100,True,True,1.039299577612947,6,0.005108066827908882,0.12590082845904182,0.09
101,100,100,True,True,1.039274463575864,2,0.000688412439489512,0.03409481093634381,0.04
102,100,100,True,True,1.0415294962469217,4,0.0026037884992770443,0.11826922102139248,0.08
103,100,100,True,True,1.0444217820280566,5,0.00468393983858897,0.15784363158938086,0.09
104,100,100,True,True,1.0456580899842196,8,0.005678764292095217,0.13045215483856837,0.12
105,100,100,True,True,1.0456072815341062,4,0.0008218476802786728,0.022460447949210097,0.07
106,100,100,True,True,1.0470117020439578,7,0.0015745466993783359,0.03762702948052154,0.12
107,100,100,True,True,1.052399756626086,9,0.009496143904498067,0.2114005471253265,0.15
108,100,100,True,True,1.0509748467649989,3,0.00043213334697224327,0.021010746399242275,0.06
109,100,100,True,True,1.0499525701110533,1,0.0006205739940573163,0.031028699702865814,0.02
110,100,100,True,True,1.0491922940161724,2,0.0004458302998870645,0.022245515570916474,0.04
111,100,100,True,True,1.0494249930042652,4,0.00342068516666321,0.1549678605868917,0.06
112,100,100,True,True,1.049372232781026,5,0.0011315318085113283,0.031769243436322064,0.08
113,100,100,True,True,1.0495517667205883,3,0.004825568591564866,0.14789856213884978,0.06
114,100,100,True,True,1.052022730504496,4,0.004679953435788983,0.11341125501934514,0.07
115,100,100,True,True,1.0546127627793924,5,0.0016646268480772996,0.06494029896499076,0.1
116,100,100,True,True,1.0548403310233292,5,0.002039990981736428,0.08639304264925451,0.1
117,100,100,True,True,1.0590688457460826,2,0.0014938495782586014,0.046999316164415106,0.04
118,100,100,True,True,1.0586031790342965,4,0.0009411163170975567,0.03381781064971956,0.06
119,100,100,True,True,1.0580831436147276,3,0.00011938044457091776,0.005324765455488989,0.05
120,100,100,True,True,1.0609216408226414,6,0.0048301737911802724,0.1443478169119521,0.1
121,100,100,True,True,1.0643570675165537,7,0.007060490843512362,0.15429564710847282,0.11
122,100,100,True,True,1.0690797430840002,6,0.005511543486614373,0.15059051197076848,0.11
123,100,100,True,True,1.0705586501767637,6,0.0030479106230726877,0.09506157650387656,0.1
124,100,100,True,True,1.0709136294914345,10,0.008993631845521606,0.19536982057369978,0.16
125,100,100,True,True,1.0716138421331967,10,0.0037266241771839255,0.06192266959063374,0.17
126,100,100,True,True,1.0814945939243692,11,0.008858227387488916,0.2271906125820733,0.19
127,100,100,True,True,1.0840788519635547,8,0.003918633637713965,0.09034646090894183,0.15
128,100,100,True,True,1.0842895660120122,5,0.0011686364748864908,0.03925102521653134,0.1
129,100,100,True,True,1.083034481753495,4,0.00028242515002425885,0.009894740441961812,0.07
130,100,100,True,True,1.0846146938002286,6,0.005207545911326018,0.1451521736743429,0.11
131,100,100,True,True,1.0907776887426683,6,0.007624597482433731,0.26099298042795666,0.11
132,100,100,True,True,1.0916457419062586,2,0.0032370172983710167,0.14537702001752625,0.03
133,100,100,True,True,1.0903654586080114,4,0.0002689908580411612,0.012621171583893642,0.07
134,100,100,True,True,1.09412047879715,7,0.005673216164980958,0.18216014337892805,0.12
135,100,100,True,True,1.1025581303349725,6,0.007077162933937171,0.16983452273419913,0.09
136,100,100,True,True,1.1011778390648457,3,9.052139565730587e-06,0.000414403866027202,0.06
137,100,100,True,True,1.1008406521518104,3,1.208706544328031e-05,0.00040430465188834313,0.06
138,100,100,True,True,1.1006503496184743,0,0.0,0.0,0.0
139,100,100,True,True,1.1004970727167231,0,0.0,0.0,0.0
140,100,100,True,True,1.1003831648415907,0,0.0,0.0,0.0
141,100,100,True,True,1.1002948915122719,2,2.404905396515833e-06,0.00011971469664595613,0.04
142,100,100,True,True,1.1002356034193634,1,4.6045287476204056e-08,2.302264373810203e-06,0.02
143,100,100,True,True,1.1001753476564873,1,6.160826272472164e-08,3.0804131362360825e-06,0.02
144,100,100,True,True,1.1001269698542384,1,4.749931440395372e-08,2.374965720197686e-06,0.02
145,100,100,True,True,1.1000875643075319,2,1.655619522722418e-06,8.239287927358507e-05,0.04
146,100,100,True,True,1.1000617951152143,0,0.0,0.0,0.0
147,100,100,True,True,1.1000324590701356,0,0.0,0.0,0.0
148,100,100,True,True,1.100008869657402,0,0.0,0.0,0.0
149,100,100,True,True,1.0999894355237567,3,1.078389474162833e-06,5.322577256150485e-05,0.06
150,100,100,True,True,1.0999734220383526,2,9.384640534348953e-07,4.558048411740234e-05,0.04
151,100,100,True,True,1.0999630277872017,1,2.0638214683899035e-08,1.0319107341949518e-06,0.02
152,100,100,True,True,1.0999510386132132,0,0.0,0.0,0.0
153,100,100,True,True,1.0999414839814359,1,5.067159578597824e-09,2.533579789298912e-07,0.02
154,100,100,True,True,1.0999335599241566,2,4.7215719613857836e-07,2.338627447506791e-05,0.04
155,100,100,True,True,1.0999270310615283,2,3.9657766617073873e-07,1.9671669887477705e-05,0.04
156,100,100,True,True,1.099922923863329,1,2.0121580912579872e-09,1.0060790456289936e-07,0.02
157,100,100,True,True,1.0999178955022328,1,1.1576608132113364e-08,5.788304066056682e-07,0.02
158,100,100,True,True,1.0999140143015986,1,8.890424707530542e-09,4.4452123537652705e-07,0.02
159,100,100,True,True,1.0999108872512229,2,2.0566126790466654e-07,1.0186978414594705e-05,0.04
160,100,100,True,True,1.099909124224924,1,1.46551942359352e-09,7.327597117967599e-08,0.02
161,100,100,True,True,1.0999066046378856,0,0.0,0.0,0.0
162,100,100,True,True,1.0999047120691494,0,0.0,0.0,0.0
163,100,100,True,True,1.099903194592899,2,1.2743509945067898e-07,6.332723917368277e-06,0.04
164,100,100,True,True,1.0999024581224583,2,5.851728008821057e-09,2.4918017171859935e-07,0.04
165,100,100,True,True,1.0999011864791097,2,4.510277806790697e-09,1.9084206126507294e-07,0.04
166,100,100,True,True,1.099900306724012,2,3.421982595064321e-09,1.4651827906497772e-07,0.04
167,100,100,True,True,1.099899610986886,2,8.088971850783722e-08,3.931972891613178e-06,0.04
168,100,100,True,True,1.0998990487988345,2,6.764066925679657e-08,3.2956304018005866e-06,0.04
169,100,100,True,True,1.0998986115025837,2,4.698790354362714e-08,2.283016833692919e-06,0.04
170,100,100,True,True,1.0998984211224445,1,3.061737752219074e-10,1.5308688761095368e-08,0.02
171,100,100,True,True,1.099898048274576,1,2.2754592654550268e-10,1.1377296327275134e-08,0.02
172,100,100,True,True,1.099897816345662,1,1.6107587930136447e-10,8.053793965068223e-09,0.02
173,100,100,True,True,1.099897641791168,1,2.3700062377063348e-08,1.1850031188531673e-06,0.02
174,100,100,True,True,1.0998975059348157,2,1.9736976497597428e-08,9.844567424588393e-07,0.04
175,100,100,True,True,1.0998974104101895,3,1.4390612430581484e-08,6.818498368144077e-07,0.04
176,100,100,True,True,1.0998973865365507,2,6.787345308012505e-10,2.877216409569172e-08,0.04
177,100,100,True,True,1.0998972808157506,1,4.4106870156213054e-10,2.2053435078106528e-08,0.02
178,100,100,True,True,1.0998972421431312,1,3.387393920917248e-10,1.693696960458624e-08,0.02
179,100,100,True,True,1.099897225732673,1,7.149461973554595e-09,3.5747309867772975e-07,0.02
180,100,100,True,True,1.0998972312906203,2,5.935703057957653e-09,2.935090428479725e-07,0.04
181,100,100,True,True,1.099897253502613,0,0.0,0.0,0.0
182,100,100,True,True,1.0998972219920204,0,0.0,0.0,0.0
183,100,100,True,True,1.0998972347676148,1,1.2123519965712149e-11,6.061759982856074e-10,0.0
184,100,100,True,True,1.0998972537158698,2,3.1282880064154027e-09,1.5429099486929942e-07,0.04
185,100,100,True,True,1.099897284572639,2,2.5570868955604453e-09,1.2628520340562943e-07,0.04
186,100,100,True,True,1.0998973075029521,1,1.7489284798166694e-09,8.744642399083347e-08,0.02
187,100,100,True,True,1.099897328906198,1,1.2109477198762875e-09,6.054738599381437e-08,0.02
188,100,100,True,True,1.0998973571609019,1,2.4113058216812532e-11,1.2056529108406266e-09,0.02
189,100,100,True,True,1.0998973661745803,1,1.9539143636393418e-11,9.76957181819671e-10,0.0
190,100,100,True,True,1.0998973988069625,1,1.4625964883663302e-11,7.31298244183165e-10,0.0
191,100,100,True,True,1.0998974225257883,1,6.472558933268146e-10,3.236279466634073e-08,0.02
192,100,100,True,True,1.0998974462180366,0,0.0,0.0,0.0
193,100,100,True,True,1.0998974554700776,1,2.5733795094851077e-11,1.2866897547425538e-09,0.02
194,100,100,True,True,1.0998974774992298,1,9.142298029729545e-12,4.5711490148647727e-10,0.0
195,100,100,True,True,1.0998975055349844,1,3.986072738548785e-10,1.9930363692743924e-08,0.02
196,100,100,True,True,1.099897525154341,0,0.0,0.0,0.0
197,100,100,True,True,1.0998975333793433,0,0.0,0.0,0.0
198,100,100,True,True,1.0998975509328275,2,2.9033213611029396e-11,1.166752361392298e-09,0.02
199,100,100,True,True,1.099897568101421,2,2.504706797523681e-10,1.2295998996769697e-08,0.02
200,100,100,True,True,1.0998975902342967,2,2.0311071713408068e-10,9.994359673193287e-09,0.02
201,100,100,True,True,1.0998976055687892,1,2.290083678246901e-12,1.1450418391234506e-10,0.0
202,100,100,True,True,1.0998976124451563,0,0.0,0.0,0.0
203,100,100,True,True,1.0998976245674417,1,1.9531902761826813e-11,9.765951380913407e-10,0.0
204,100,100,True,True,1.0998976365889808,2,1.5745523107568714e-10,5.300141325825791e-09,0.04
205,100,100,True,True,1.0998976478088716,3,1.2679143734928289e-10,4.297146416476494e-09,0.04
206,100,100,True,True,1.0998976582496631,3,9.075974860550673e-11,2.97549329619784e-09,0.04
207,100,100,True,True,1.0998976681400408,1,2.3113699842980397e-11,1.1556849921490198e-09,0.02
208,100,100,True,True,1.0998976728812062,1,1.7691883513748508e-11,8.845941756874255e-10,0.0
209,100,100,True,True,1.09989768133534,1,1.3553147493183814e-11,6.776573746591907e-10,0.0
210,100,100,True,True,1.0998976892193548,3,4.282757259943537e-11,1.5881870263356745e-09,0.02
211,100,100,True,True,1.0998976966678373,2,8.458511668862913e-12,3.9778424998360156e-10,0.0
212,100,100,True,True,1.099897700459851,2,6.449747402825779e-12,3.04545832996439e-10,0.0
213,100,100,True,True,1.0998977068621634,1,4.667810582503762e-12,2.333905291251881e-10,0.0
214,100,100,True,True,1.099897712559876,1,1.9523198613313752e-11,9.761599306656876e-10,0.0
215,100,100,True,True,1.0998977196695063,1,1.5861354452084698e-11,7.930677226042349e-10,0.0
216,100,100,True,True,1.0998977248145436,2,1.1205643080103301e-11,5.491195276263738e-10,0.0
217,100,100,True,True,1.0998977295878578,1,1.6638912470057222e-13,8.31945623502861e-12,0.0
218,100,100,True,True,1.0998977322742687,2,9.075074025588492e-13,3.943745330303727e-11,0.0
219,100,100,True,True,1.0998977363709788,1,8.386402683413507e-14,4.193201341706754e-12,0.0
220,100,100,True,True,1.0998977414939108,1,5.8641091982281065e-12,2.9320545991140534e-10,0.0
221,100,100,True,True,1.0998977448644023,0,0.0,0.0,0.0
222,100,100,True,True,1.099897746721648,1,5.184741524999481e-15,2.5923707624997405e-13,0.0
223,100,100,True,True,1.0998977497131266,1,6.743383629270738e-13,3.371691814635369e-11,0.0
224,100,100,True,True,1.0998977523359794,2,5.450875306678427e-12,1.8074775010035182e-10,0.0
225,100,100,True,True,1.0998977549006472,1,2.924680497784493e-12,1.4623402488922466e-10,0.0
226,100,100,True,True,1.0998977582869842,1,4.720224211496316e-14,2.3601121057481578e-12,0.0
227,100,100,True,True,1.0998977595549457,1,3.531175352122772e-14,1.7655876760613862e-12,0.0
228,100,100,True,True,1.0998977615713528,1,2.5182078644547806e-14,1.2591039322273902e-12,0.0
229,100,100,True,True,1.099897763426763,2,1.9627122149756816e-12,7.779421551390442e-11,0.0
230,100,100,True,True,1.0998977650558777,1,1.2561485185358378e-12,6.280742592679189e-11,0.0
231,100,100,True,True,1.0998977675077748,1,1.0658141036401505e-16,5.329070518200752e-15,0.0
232,100,100,True,True,1.0998977683432716,0,0.0,0.0,0.0
233,100,100,True,True,1.099897769592621,0,0.0,0.0,0.0
234,100,100,True,True,1.09989777081625,2,9.873035722307577e-13,3.35036443033232e-11,0.0
235,100,100,True,True,1.0998977719408036,2,7.238498689332573e-13,3.551181571026518e-11,0.0
236,100,100,True,True,1.0998977724814825,2,5.547473591605011e-13,2.7182034401107554e-11,0.0
237,100,100,True,True,1.099897773446957,1,7.52287121486006e-15,3.76143560743003e-13,0.0
238,100,100,True,True,1.0998977749221721,1,4.105737971826784e-13,2.052868985913392e-11,0.0
239,100,100,True,True,1.099897775690859,1,3.345790311470864e-13,1.672895155735432e-11,0.0
240,100,100,True,True,1.0998977764363222,0,0.0,0.0,0.0
241,100,100,True,True,1.0998977767856393,2,1.4407586235165582e-13,6.948441821919005e-12,0.0
242,100,100,True,True,1.0998977774166259,1,2.946953792104523e-13,1.4734768960522615e-11,0.0
243,100,100,True,True,1.0998977779541026,2,4.0219605423885704e-13,1.1247558440175e-11,0.0
244,100,100,True,True,1.0998977784876642,2,3.1673330624926167e-13,8.626765968244854e-12,0.0
245,100,100,True,True,1.099897778978152,2,1.3456347147666747e-13,6.59472476627343e-12,0.0
246,100,100,True,True,1.099897779207115,0,0.0,0.0,0.0
247,100,100,True,True,1.0998977798955465,0,0.0,0.0,0.0
248,100,100,True,True,1.099897780286056,1,7.615685859718724e-14,3.807842929859362e-12,0.0
249,100,100,True,True,1.0998977806414842,2,6.374012428977949e-14,3.0980773502164993e-12,0.0
250,100,100,True,True,1.0998977809654182,1,3.419042826635632e-14,1.709521413317816e-12,0.0
251,100,100,True,True,1.0998977810801274,1,7.136513602290506e-14,3.568256801145253e-12,0.0
252,100,100,True,True,1.0998977813562807,1,5.449862783279969e-14,2.7249313916399846e-12,0.0
253,100,100,True,True,1.09989778161086,3,7.567502180449992e-14,2.0941026690479703e-12,0.0
254,100,100,True,True,1.099897781845301,1,2.6507684935950233e-14,1.3253842467975117e-12,0.0
255,100,100,True,True,1.0998977822122125,1,1.858069254012662e-14,9.29034627006331e-13,0.0
256,100,100,True,True,1.0998977824103529,1,9.769962616701378e-17,4.884981308350689e-15,0.0
257,100,100,True,True,1.099897782505121,0,0.0,0.0,0.0
258,100,100,True,True,1.0998977826437264,1,1.1803891197814664e-14,5.901945598907332e-13,0.0
259,100,100,True,True,1.099897782795936,2,3.26272342476841e-14,1.1355361095866101e-12,0.0
260,100,100,True,True,1.0998977829356194,1,7.394085344003543e-16,3.697042672001771e-14,0.0
261,100,100,True,True,1.099897783130843,1,6.439293542825908e-16,3.219646771412954e-14,0.0
262,100,100,True,True,1.0998977832505592,1,2.8199664825478977e-16,1.4099832412739488e-14,0.0
263,100,100,True,True,1.0998977833587023,1,6.021849685566849e-15,3.0109248427834245e-13,0.0
264,100,100,True,True,1.0998977834397299,1,6.565858967633176e-15,3.282929483816588e-13,0.0
265,100,100,True,True,1.0998977834736392,1,1.0436096431476471e-16,5.218048215738236e-15,0.0
266,100,100,True,True,1.0998977836740462,0,0.0,0.0,0.0
267,100,100,True,True,1.0998977837334158,1,4.11226608321158e-15,2.05613304160579e-13,0.0
268,100,100,True,True,1.099897783801896,1,6.88338275267597e-17,3.4416913763379853e-15,0.0
269,100,100,True,True,1.0998977838186221,1,4.8516746176119344e-15,2.425837308805967e-13,0.0
270,100,100,True,True,1.0998977838583013,0,0.0,0.0,0.0
271,100,100,True,True,1.0998977840120314,2,2.7422508708241366e-15,1.354472090042691e-13,0.0
272,100,100,True,True,1.0998977840599375,0,0.0,0.0,0.0
273,100,100,True,True,1.0998977840479909,0,0.0,0.0,0.0
274,100,100,True,True,1.0998977840868867,1,3.1086244689504383e-15,1.5543122344752192e-13,0.0
275,100,100,True,True,1.0998977841220605,2,7.642775301519578e-15,3.11972669919669e-13,0.0
276,100,100,True,True,1.0998977841537942,3,6.008527009271347e-15,2.128297538206425e-13,0.0
277,100,100,True,True,1.0998977841824198,1,3.4861002973229917e-16,1.7430501486614958e-14,0.0
278,100,100,True,True,1.0998977842761526,1,8.659739592076221e-17,4.3298697960381105e-15,0.0
279,100,100,True,True,1.0998977842787196,0,0.0,0.0,0.0
280,100,100,True,True,1.0998977842897038,1,5.817568649035821e-16,2.90878432451791e-14,0.0
281,100,100,True,True,1.0998977843078084,2,2.233768725545815e-15,8.859579736508749e-14,0.0
282,100,100,True,True,1.099897784323755,0,0.0,0.0,0.0
283,100,100,True,True,1.0998977843966802,2,4.3298697960381104e-16,1.3655743202889427e-14,0.0
284,100,100,True,True,1.0998977844089883,0,0.0,0.0,0.0
285,100,100,True,True,1.099897784400045,2,2.1316282072803005e-16,8.770761894538737e-15,0.0
286,100,100,True,True,1.0998977844085547,1,7.860379014346108e-16,3.930189507173054e-14,0.0
287,100,100,True,True,1.0998977843936033,1,1.638689184346731e-15,8.193445921733655e-14,0.0
288,100,100,True,True,1.0998977844003657,0,0.0,0.0,0.0
289,100,100,True,True,1.0998977844513673,0,0.0,0.0,0.0
290,100,100,True,True,1.0998977844566193,1,5.3290705182007524e-17,2.664535259100376e-15,0.0
291,100,100,True,True,1.0998977844604225,0,0.0,0.0,0.0
292,100,100,True,True,1.0998977844567877,2,8.681944052568724e-16,3.352873534367973e-14,0.0
293,100,100,True,True,1.0998977844587214,1,8.548717289613705e-16,4.274358644806852e-14,0.0
294,100,100,True,True,1.0998977844524476,1,2.6645352591003756e-17,1.3322676295501878e-15,0.0
295,100,100,True,True,1.0998977844878566,0,0.0,0.0,0.0
296,100,100,True,True,1.0998977844794176,0,0.0,0.0,0.0
297,100,100,True,True,1.0998977844794238,0,0.0,0.0,0.0
298,100,100,True,True,1.099897784478909,0,0.0,0.0,0.0
299,100,100,True,True,1.0998977844779851,1,7.771561172376096e-16,3.885780586188048e-14,0.0
300,100,100,True,True,1.0998977844767557,0,0.0,0.0,0.0
301,100,100,True,True,1.0998977845016829,0,0.0,0.0,0.0
302,100,100,True,True,1.0998977845000197,1,1.5765166949677222e-16,7.882583474838611e-15,0.0
303,100,100,True,True,1.0999023164635318,1,8.659739592076221e-17,4.3298697960381105e-15,0.0
304,100,100,True,True,1.0999043797715833,0,0.0,0.0,0.0
305,100,100,True,True,1.0999046400010277,0,0.0,0.0,0.0
306,100,100,True,True,1.099904864321446,0,0.0,0.0,0.0
307,100,100,True,True,1.0999050619085968,0,0.0,0.0,0.0
308,100,100,True,True,1.0999052378213239,0,0.0,0.0,0.0
309,100,100,True,True,1.0999053957578762,0,0.0,0.0,0.0
310,100,100,True,True,1.0999055384951735,0,0.0,0.0,0.0
311,100,100,True,True,1.0999056681729245,0,0.0,0.0,0.0
312,100,100,True,True,1.099905786480335,0,0.0,0.0,0.0
313,100,100,True,True,1.099905894780582,0,0.0,0.0,0.0
314,100,100,True,True,1.0999059941956792,0,0.0,0.0,0.0
315,100,100,True,True,1.099906085664982,0,0.0,0.0,0.0
316,100,100,True,True,1.099906169986677,0,0.0,0.0,0.0
317,100,100,True,True,1.0999062478475428,0,0.0,0.0,0.0
318,100,100,True,True,1.0999063198448336,0,0.0,0.0,0.0
319,100,100,True,True,1.0999063865026992,0,0.0,0.0,0.0
320,100,100,True,True,1.0999064482845147,0,0.0,0.0,0.0
321,100,100,True,True,1.099906505602741,0,0.0,0.0,0.0
322,100,100,True,True,1.0999065588263486,0,0.0,0.0,0.0
323,100,100,True,True,1.0999066082870668,0,0.0,0.0,0.0
324,100,100,True,True,1.0999066542842413,0,0.0,0.0,0.0
325,100,100,True,True,1.0999066970889888,0,0.0,0.0,0.0
326,100,100,True,True,1.0999067369475173,0,0.0,0.0,0.0
327,100,100,True,True,1.0999067740840471,0,0.0,0.0,0.0
328,100,100,True,True,1.0999068087031938,0,0.0,0.0,0.0
329,100,100,True,True,1.099906840992088,0,0.0,0.0,0.0
330,100,100,True,True,1.0999068711221298,0,0.0,0.0,0.0
331,100,100,True,True,1.0999068992506038,0,0.0,0.0,0.0
332,100,100,True,True,1.0999069255220202,0,0.0,0.0,0.0
333,100,100,True,True,1.0999069500692846,0,0.0,0.0,0.0
334,100,100,True,True,1.0999069730148576,0,0.0,0.0,0.0
335,100,100,True,True,1.0999069944716222,0,0.0,0.0,0.0
336,100,100,True,True,1.0999070145438057,0,0.0,0.0,0.0
337,100,100,True,True,1.0999070333275909,0,0.0,0.0,0.0
338,100,100,True,True,1.099907050911991,0,0.0,0.0,0.0
339,100,100,True,True,1.0999070673792972,0,0.0,0.0,0.0
340,100,100,True,True,1.0999070828057285,0,0.0,0.0,0.0
341,100,100,True,True,1.0999070972619036,0,0.0,0.0,0.0
342,100,100,True,True,1.0999071108132878,0,0.0,0.0,0.0
343,100,100,True,True,1.0999071235205755,0,0.0,0.0,0.0
344,100,100,True,True,1.0999071354401335,0,0.0,0.0,0.0
345,100,100,True,True,1.0999071466242956,0,0.0,0.0,0.0
346,100,100,True,True,1.0999071571216714,0,0.0,0.0,0.0
347,100,100,True,True,1.0999071669774545,0,0.0,0.0,0.0
348,100,100,True,True,1.0999071762336738,0,0.0,0.0,0.0
349,100,100,True,True,1.0999071849294255,0,0.0,0.0,0.0
350,100,100,True,True,1.099907193101112,0,0.0,0.0,0.0
351,100,100,True,True,1.0999072007826025,0,0.0,0.0,0.0
352,100,100,True,True,1.0999072080054704,0,0.0,0.0,0.0
353,100,100,True,True,1.099907214799125,0,0.0,0.0,0.0
354,100,100,True,True,1.0999072211909762,0,0.0,0.0,0.0
355,100,100,True,True,1.0999072272065775,0,0.0,0.0,0.0
356,100,100,True,True,1.0999072328698272,0,0.0,0.0,0.0
357,100,100,True,True,1.099907238202929,0,0.0,0.0,0.0
358,100,100,True,True,1.099907243226652,0,0.0,0.0,0.0
359,100,100,True,True,1.099907247960421,0,0.0,0.0,0.0
360,100,100,True,True,1.0999072524223386,0,0.0,0.0,0.0
361,100,100,True,True,1.0999072566293167,0,0.0,0.0,0.0
362,100,100,True,True,1.099907260597186,0,0.0,0.0,0.0
363,100,100,True,True,1.099907264340723,0,0.0,0.0,0.0
364,100,100,True,True,1.0999072678737438,0,0.0,0.0,0.0
365,100,100,True,True,1.0999072712092135,0,0.0,0.0,0.0
366,100,100,True,True,1.0999072743591827,0,0.0,0.0,0.0
367,100,100,True,True,1.0999072773350345,0,0.0,0.0,0.0
368,100,100,True,True,1.0999072801473235,0,0.0,0.0,0.0
369,100,100,True,True,1.099907282805977,0,0.0,0.0,0.0
370,100,100,True,True,1.0999072853202922,0,0.0,0.0,0.0
371,100,100,True,True,1.0999072876989877,0,0.0,0.0,0.0
372,100,100,True,True,1.099907289950231,0,0.0,0.0,0.0
373,100,100,True,True,1.0999072920816675,0,0.0,0.0,0.0
374,100,100,True,True,1.0999072941004646,0,0.0,0.0,0.0
375,100,100,True,True,1.0999072960133478,0,0.0,0.0,0.0
376,100,100,True,True,1.0999072978266375,0,0.0,0.0,0.0
377,100,100,True,True,1.0999072995462462,0,0.0,0.0,0.0
378,100,100,True,True,1.0999073011777531,0,0.0,0.0,0.0
379,100,100,True,True,1.0999073027263597,0,0.0,0.0,0.0
380,100,100,True,True,1.099907304196974,0,0.0,0.0,0.0
381,100,100,True,True,1.099907305594213,0,0.0,0.0,0.0
382,100,100,True,True,1.0999073069224043,0,0.0,0.0,0.0
383,100,100,True,True,1.0999073081856074,0,0.0,0.0,0.0
384,100,100,True,True,1.0999073093876772,0,0.0,0.0,0.0
385,100,100,True,True,1.099907310532196,0,0.0,0.0,0.0
386,100,100,True,True,1.0999073116225677,0,0.0,0.0,0.0
387,100,100,True,True,1.0999073126620165,0,0.0,0.0,0.0
388,100,100,True,True,1.0999073136535051,0,0.0,0.0,0.0
389,100,100,True,True,1.0999073145999125,0,0.0,0.0,0.0
390,100,100,True,True,1.0999073155038999,0,0.0,0.0,0.0
391,100,100,True,True,1.0999073163680306,0,0.0,0.0,0.0
392,100,100,True,True,1.0999073171946545,0,0.0,0.0,0.0
393,100,100,True,True,1.0999073179861036,0,0.0,0.0,0.0
394,100,100,True,True,1.0999073187444723,0,0.0,0.0,0.0
395,100,100,True,True,1.0999073194718225,0,0.0,0.0,0.0
396,100,100,True,True,1.0999073201700755,0,0.0,0.0,0.0
397,100,100,True,True,1.099907320841066,0,0.0,0.0,0.0
398,100,100,True,True,1.0999073214865864,0,0.0,0.0,0.0
399,100,100,True,True,1.0999073221082847,0,0.0,0.0,0.0
400,100,100,True,True,1.0999073227078056,0,0.0,0.0,0.0
401,100,100,True,True,1.0999073232866632,0,0.0,0.0,0.0
402,100,100,True,True,1.0999073238463757,0,0.0,0.0,0.0
403,100,100,True,True,1.0999073243883613,0,0.0,0.0,0.0
404,100,100,True,True,1.0999073249140854,0,0.0,0.0,0.0
405,100,100,True,True,1.0999073254249137,0,0.0,0.0,0.0
406,100,100,True,True,1.0999073259222198,0,0.0,0.0,0.0
407,100,100,True,True,1.0999073264073944,0,0.0,0.0,0.0
408,100,100,True,True,1.0999073268818,0,0.0,0.0,0.0
409,100,100,True,True,1.0999073273468496,0,0.0,0.0,0.0
410,100,100,True,True,1.0999073278040623,0,0.0,0.0,0.0
411,100,100,True,True,1.0999073282548733,0,0.0,0.0,0.0
412,100,100,True,True,1.099907328701003,0,0.0,0.0,0.0
413,100,100,True,True,1.0999073291442427,0,0.0,0.0,0.0
414,100,100,True,True,1.0999073295865647,0,0.0,0.0,0.0
415,100,100,True,True,1.0999073300302558,0,0.0,0.0,0.0
416,100,100,True,True,1.0999073304779596,0,0.0,0.0,0.0
417,100,100,True,True,1.0999073309329614,0,0.0,0.0,0.0
418,100,100,True,True,1.0999073313992447,0,0.0,0.0,0.0
419,100,100,True,True,1.0999073318818895,0,0.0,0.0,0.0
420,100,100,True,True,1.099907332387932,0,0.0,0.0,0.0
421,100,100,True,True,1.0999073329269629,0,0.0,0.0,0.0
422,100,100,True,True,1.0999073335133487,0,0.0,0.0,0.0
423,100,100,True,True,1.0999073341702137,0,0.0,0.0,0.0
424,100,100,True,True,1.0999073349381063,0,0.0,0.0,0.0
425,100,100,True,True,1.0999073359004958,0,0.0,0.0,0.0
