case_id,fr,mb,pd,tick,side,N_alive,LCC,C_conn,centroid_x,centroid_y,R,R_ref,rho,C_scale,C_v3,cohesion_v2,enemy_cohesion_v2,collapse_threshold_theta,collapse_event_v2
reference_alpha_AB,4.0,5.0,5.0,0,A,100,33,0.33,14.3840620433566,13.676955262170054,9.362691920596342,20.0,0.4681345960298171,1.0,0.33,0.04052646724512632,0.004912299060015335,0.5555555555555556,1
reference_alpha_AB,4.0,5.0,5.0,0,B,100,4,0.04,185.6159379566434,186.32304473782995,9.362691920596344,20.0,0.4681345960298172,1.0,0.04,0.004912299060015335,0.04052646724512632,0.5555555555555556,1
reference_alpha_AB,4.0,5.0,5.0,1,A,100,83,0.83,15.064052142081978,14.364618257601546,9.293071873019588,20.0,0.4646535936509794,1.0,0.83,0.10097025792007419,0.02537669055630598,0.5555555555555556,1
reference_alpha_AB,4.0,5.0,5.0,1,B,100,21,0.21,184.9517212980771,185.65614100145658,9.423540308973916,20.0,0.4711770154486958,1.0,0.21,0.02537669055630598,0.10097025792007419,0.5555555555555556,1
reference_alpha_AB,4.0,5.0,5.0,2,A,100,85,0.85,15.728563203868255,15.035205152050105,9.319484267734591,20.0,0.46597421338672956,1.0,0.85,0.10191758408285578,0.014074220560885475,0.5555555555555556,1
reference_alpha_AB,4.0,5.0,5.0,2,B,100,12,0.12,184.28737356025013,184.96868524634235,9.471438787880464,20.0,0.4735719393940232,1.0,0.12,0.014074220560885475,0.10191758408285578,0.5555555555555556,1
reference_alpha_AB,4.0,5.0,5.0,3,A,100,86,0.86,16.398936653370463,15.693157293457025,9.3078234402936,20.0,0.46539117201468,1.0,0.86,0.10332630471163884,0.03325954987560098,0.5555555555555556,1
reference_alpha_AB,4.0,5.0,5.0,3,B,100,28,0.28,183.61416132425578,184.28482540398505,9.486661464596176,20.0,0.47433307322980883,1.0,0.28,0.03325954987560098,0.10332630471163884,0.5555555555555556,1
reference_alpha_AB,4.0,5.0,5.0,4,A,100,63,0.63,17.0699838917216,16.34607869247183,9.308648468971283,20.0,0.46543242344856417,1.0,0.63,0.07500642933245749,0.051892900469940106,0.5555555555555556,1
reference_alpha_AB,4.0,5.0,5.0,4,B,100,45,0.45,182.9552937394427,183.5967841664085,9.531339703182319,20.0,0.47656698515911594,1.0,0.45,0.051892900469940106,0.07500642933245749,0.5555555555555556,1
reference_alpha_AB,4.0,5.0,5.0,5,A,100,62,0.62,17.736561573320042,17.01914161679935,9.281667944577173,20.0,0.4640833972288586,1.0,0.62,0.07467961391964562,0.022722263853882096,0.5555555555555556,1
reference_alpha_AB,4.0,5.0,5.0,5,B,100,20,0.2,182.29810935826686,182.91394281328203,9.575582102699235,20.0,0.47877910513496175,1.0,0.2,0.022722263853882096,0.07467961391964562,0.5555555555555556,1
reference_alpha_AB,4.0,5.0,5.0,6,A,100,61,0.61,18.40942509405129,17.694562276306964,9.258196711922707,20.0,0.46290983559613536,1.0,0.61,0.07437142926547569,0.019339958687773606,0.5555555555555556,1
reference_alpha_AB,4.0,5.0,5.0,6,B,100,17,0.17,181.63100829943338,182.23246279675806,9.60960267403533,20.0,0.48048013370176645,1.0,0.17,0.019339958687773606,0.07437142926547569,0.5555555555555556,1
reference_alpha_AB,4.0,5.0,5.0,7,A,100,71,0.71,19.102091728865776,18.352026178940882,9.231184341212256,20.0,0.46155921706061276,1.0,0.71,0.08721316764497666,0.025102147566458566,0.5555555555555556,1
reference_alpha_AB,4.0,5.0,5.0,7,B,100,22,0.22,180.94139787239888,181.5737089301933,9.633447805022833,20.0,0.4816723902511416,1.0,0.22,0.025102147566458566,0.08721316764497666,0.5555555555555556,1
reference_alpha_AB,4.0,5.0,5.0,8,A,100,71,0.71,19.770915871747853,19.02160797427525,9.20482615302102,20.0,0.46024130765105103,1.0,0.71,0.0859664762208372,0.011329173168825202,0.5555555555555556,1
reference_alpha_AB,4.0,5.0,5.0,8,B,100,10,0.1,180.26041933167343,180.89122625749624,9.64507960638913,20.0,0.4822539803194565,1.0,0.1,0.011329173168825202,0.0859664762208372,0.5555555555555556,1
reference_alpha_AB,4.0,5.0,5.0,9,A,100,57,0.57,20.437737864783237,19.6975415751529,9.195072069486338,20.0,0.45975360347431693,1.0,0.57,0.07058030601347975,0.01612284404395936,0.5555555555555556,1
reference_alpha_AB,4.0,5.0,5.0,9,B,100,14,0.14,179.59220516027625,180.19385473402843,9.6690907643794,20.0,0.48345453821897,1.0,0.14,0.01612284404395936,0.07058030601347975,0.5555555555555556,1
reference_alpha_AB,4.0,5.0,5.0,10,A,100,38,0.38,21.095186884509655,20.38337204318138,9.16897892980566,20.0,0.45844894649028295,1.0,0.38,0.04821084079078164,0.018290292705993583,0.5555555555555556,1
reference_alpha_AB,4.0,5.0,5.0,10,B,100,16,0.16,178.93194511136187,179.4844463662235,9.679327147912733,20.0,0.48396635739563665,1.0,0.16,0.018290292705993583,0.04821084079078164,0.5555555555555556,1
reference_alpha_AB,4.0,5.0,5.0,11,A,100,43,0.43,21.76859201620051,21.05753448776482,9.160033508059636,20.0,0.45800167540298176,1.0,0.43,0.054989142289149306,0.024582672913844972,0.5555555555555556,1
reference_alpha_AB,4.0,5.0,5.0,11,B,100,22,0.22,178.26033599541054,178.78645824784797,9.712035391317254,20.0,0.4856017695658627,1.0,0.22,0.024582672913844972,0.054989142289149306,0.5555555555555556,1
reference_alpha_AB,4.0,5.0,5.0,12,A,100,43,0.43,22.436005483790492,21.74746143860417,9.134721477187975,20.0,0.45673607385939874,1.0,0.43,0.05562858262316217,0.016725656269634293,0.5555555555555556,1
reference_alpha_AB,4.0,5.0,5.0,12,B,100,15,0.15,177.57852175265086,178.09581744053378,9.721879419375925,20.0,0.48609397096879625,1.0,0.15,0.016725656269634293,0.05562858262316217,0.5555555555555556,1
reference_alpha_AB,4.0,5.0,5.0,13,A,100,55,0.55,23.101146111448607,22.436371952774525,9.098974113359214,20.0,0.4549487056679607,1.0,0.55,0.07294770672327278,0.010193282846202134,0.5555555555555556,1
reference_alpha_AB,4.0,5.0,5.0,13,B,100,9,0.09,176.9288921799074,177.38513599506848,9.7421710001898,20.0,0.48710855000948994,1.0,0.09,0.010193282846202134,0.07294770672327278,0.5555555555555556,1
reference_alpha_AB,4.0,5.0,5.0,14,A,100,46,0.46,23.77492494904559,23.117426097263515,9.080151363104175,20.0,0.45400756815520876,1.0,0.46,0.06285457517994597,0.010101192407705128,0.5555555555555556,1
reference_alpha_AB,4.0,5.0,5.0,14,B,100,9,0.09,176.2536287541885,176.68189208218217,9.739495093962697,20.0,0.48697475469813484,1.0,0.09,0.010101192407705128,0.06285457517994597,0.5555555555555556,1
reference_alpha_AB,4.0,5.0,5.0,15,A,100,43,0.43,24.46052033278214,23.807546779483374,9.047712281955981,20.0,0.45238561409779904,1.0,0.43,0.06029836929993604,0.008991206427947818,0.5555555555555556,1
reference_alpha_AB,4.0,5.0,5.0,15,B,100,8,0.08,175.57944699751855,175.97474628709327,9.737267337411328,20.0,0.4868633668705664,1.0,0.08,0.008991206427947818,0.06029836929993604,0.5555555555555556,1
reference_alpha_AB,4.0,5.0,5.0,16,A,100,37,0.37,25.149380944656997,24.49661578312277,9.023532534445303,20.0,0.45117662672226516,1.0,0.37,0.05318520088108103,0.010071911596454375,0.5555555555555556,1
reference_alpha_AB,4.0,5.0,5.0,16,B,100,9,0.09,174.90738368097428,175.2725150159109,9.745686263029869,20.0,0.48728431315149345,1.0,0.09,0.010071911596454375,0.05318520088108103,0.5555555555555556,1
reference_alpha_AB,4.0,5.0,5.0,17,A,100,47,0.47,25.830796786647298,25.19149830324539,9.000370200419821,20.0,0.4500185100209911,1.0,0.47,0.06906515548288084,0.013172608959236998,0.5555555555555556,1
reference_alpha_AB,4.0,5.0,5.0,17,B,100,12,0.12,174.24879223547606,174.55725915902664,9.755436951662231,20.0,0.48777184758311154,1.0,0.12,0.013172608959236998,0.06906515548288084,0.5555555555555556,1
reference_alpha_AB,4.0,5.0,5.0,18,A,100,41,0.41,26.502045237517645,25.877946392455193,8.97273186169396,20.0,0.448636593084698,1.0,0.41,0.06087557807205257,0.00894086754167489,0.5555555555555556,1
reference_alpha_AB,4.0,5.0,5.0,18,B,100,8,0.08,173.58446457753655,173.84817792854363,9.764258001829619,20.0,0.48821290009148094,1.0,0.08,0.00894086754167489,0.06087557807205257,0.5555555555555556,1
reference_alpha_AB,4.0,5.0,5.0,19,A,100,41,0.41,27.206921181467333,26.54367958709373,8.945111858954467,20.0,0.4472555929477234,1.0,0.41,0.0628795481366845,0.008927284543312375,0.5555555555555556,1
reference_alpha_AB,4.0,5.0,5.0,19,B,100,8,0.08,172.90594146755654,173.14873352226445,9.77957969161179,20.0,0.4889789845805895,1.0,0.08,0.008927284543312375,0.0628795481366845,0.5555555555555556,1
reference_alpha_AB,4.0,5.0,5.0,20,A,100,34,0.34,27.895213851182305,27.226026754767304,8.936381293970944,20.0,0.4468190646985472,1.0,0.34,0.05331502965994728,0.005534216466749009,0.5555555555555556,1
reference_alpha_AB,4.0,5.0,5.0,20,B,100,5,0.05,172.22296102612887,172.446119043978,9.776206965482604,20.0,0.4888103482741302,1.0,0.05,0.005534216466749009,0.05331502965994728,0.5555555555555556,1
reference_alpha_AB,4.0,5.0,5.0,21,A,100,49,0.49,28.571122938578927,27.91560549964383,8.919353684534967,20.0,0.4459676842267483,1.0,0.49,0.07733791925886857,0.012448858923938766,0.5555555555555556,1
reference_alpha_AB,4.0,5.0,5.0,21,B,100,11,0.11,171.54081065717517,171.74447356402234,9.779553654453446,20.0,0.4889776827226723,1.0,0.11,0.012448858923938766,0.07733791925886857,0.5555555555555556,1
reference_alpha_AB,4.0,5.0,5.0,22,A,100,40,0.4,29.277043921988984,28.589394769568408,8.902683361786135,20.0,0.4451341680893067,1.0,0.4,0.06588345687106978,0.013589330909540287,0.5555555555555556,1
reference_alpha_AB,4.0,5.0,5.0,22,B,100,12,0.12,170.85906308768298,171.0384298290992,9.779076043916342,20.0,0.48895380219581713,1.0,0.12,0.013589330909540287,0.06588345687106978,0.5555555555555556,1
reference_alpha_AB,4.0,5.0,5.0,23,A,100,32,0.32,29.967429179480828,29.275806832794636,8.88033017623582,20.0,0.444016508811791,1.0,0.32,0.052905210998796304,0.006700883542045122,0.5555555555555556,1
reference_alpha_AB,4.0,5.0,5.0,23,B,100,6,0.06,170.20205822393964,170.3138274335679,9.777081361458825,20.0,0.48885406807294124,1.0,0.06,0.006700883542045122,0.052905210998796304,0.5555555555555556,1
reference_alpha_AB,4.0,5.0,5.0,24,A,100,25,0.25,30.664972619814463,29.95233703263966,8.862485792593816,20.0,0.4431242896296908,1.0,0.25,0.04278799350069862,0.014449530287281909,0.5555555555555556,1
reference_alpha_AB,4.0,5.0,5.0,24,B,100,13,0.13,169.53256645671857,169.60313020926117,9.775675400128872,20.0,0.4887837700064436,1.0,0.13,0.014449530287281909,0.04278799350069862,0.5555555555555556,1
reference_alpha_AB,4.0,5.0,5.0,25,A,100,25,0.25,31.354403965765247,30.63907442979611,8.83869234843017,20.0,0.4419346174215085,1.0,0.25,0.04281773411215373,0.0067836739864206574,0.5555555555555556,1
reference_alpha_AB,4.0,5.0,5.0,25,B,100,6,0.06,168.86550869925992,168.89892237500572,9.780272203035494,20.0,0.4890136101517747,1.0,0.06,0.0067836739864206574,0.04281773411215373,0.5555555555555556,1
reference_alpha_AB,4.0,5.0,5.0,26,A,100,33,0.33,32.02790421628534,31.342442943704995,8.821979452822397,20.0,0.44109897264111986,1.0,0.33,0.0586409244887508,0.0316110548704267,0.5555555555555556,1
reference_alpha_AB,4.0,5.0,5.0,26,B,100,28,0.28,168.19416332907028,168.18686193437145,9.768572756173114,20.0,0.4884286378086557,1.0,0.28,0.0316110548704267,0.0586409244887508,0.5555555555555556,1
reference_alpha_AB,4.0,5.0,5.0,27,A,100,18,0.18,32.716105355046786,32.030801727015785,8.805627740410763,20.0,0.44028138702053815,1.0,0.18,0.03256027925595428,0.010180261584851968,0.5555555555555556,1
reference_alpha_AB,4.0,5.0,5.0,27,B,100,9,0.09,167.51846200291212,167.4829581763798,9.770447638458878,20.0,0.4885223819229439,1.0,0.09,0.010180261584851968,0.03256027925595428,0.5555555555555556,1
reference_alpha_AB,4.0,5.0,5.0,28,A,100,32,0.32,33.40511318432001,32.716907855778146,8.781807251151253,20.0,0.4390903625575627,1.0,0.32,0.06058954959671714,0.006743154835454179,0.5555555555555556,1
reference_alpha_AB,4.0,5.0,5.0,28,B,100,6,0.06,166.8422286449547,166.76947773546289,9.761854317431567,20.0,0.4880927158715783,1.0,0.06,0.006743154835454179,0.06058954959671714,0.5555555555555556,1
reference_alpha_AB,4.0,5.0,5.0,29,A,100,31,0.31,34.091373765931486,33.406320555123386,8.78002896473422,20.0,0.43900144823671094,1.0,0.31,0.060368988411763636,0.0067177722221036795,0.5555555555555556,1
reference_alpha_AB,4.0,5.0,5.0,29,B,100,6,0.06,166.1604580975767,166.07043864496723,9.773232287543474,20.0,0.4886616143771737,1.0,0.06,0.0067177722221036795,0.060368988411763636,0.5555555555555556,1
reference_alpha_AB,4.0,5.0,5.0,30,A,100,33,0.33,34.770462961336605,34.09437827021704,8.770599317031662,20.0,0.4385299658515831,1.0,0.33,0.06578223996241261,0.007854625695314477,0.5555555555555556,1
reference_alpha_AB,4.0,5.0,5.0,30,B,100,7,0.07,165.48195734159697,165.36668645216247,9.77067154992618,20.0,0.488533577496309,1.0,0.07,0.007854625695314477,0.06578223996241261,0.5555555555555556,1
reference_alpha_AB,4.0,5.0,5.0,31,A,100,12,0.12,35.46850666469611,34.77043553196046,8.764742073059265,20.0,0.43823710365296326,1.0,0.12,0.024792114862381087,0.010137146933532737,0.5555555555555556,1
reference_alpha_AB,4.0,5.0,5.0,31,B,100,9,0.09,164.80218785004737,164.66056632522276,9.771795582570615,20.0,0.48858977912853074,1.0,0.09,0.010137146933532737,0.024792114862381087,0.5555555555555556,1
reference_alpha_AB,4.0,5.0,5.0,32,A,100,30,0.3,36.16074597914769,35.45246643745334,8.762743316978447,20.0,0.43813716584892237,1.0,0.3,0.06184922442023699,0.00795822711252181,0.5555555555555556,1
reference_alpha_AB,4.0,5.0,5.0,32,B,100,7,0.07,164.11822303882363,163.95711179603316,9.780972836845201,20.0,0.48904864184226005,1.0,0.07,0.00795822711252181,0.06184922442023699,0.5555555555555556,1
reference_alpha_AB,4.0,5.0,5.0,33,A,100,16,0.16,36.847468969284606,36.146887240588555,8.757842420393045,20.0,0.43789212101965225,1.0,0.16,0.03356921389173351,0.009125158432419123,0.5555555555555556,1
reference_alpha_AB,4.0,5.0,5.0,33,B,100,8,0.08,163.4429118968618,163.25023103710993,9.776771733819565,20.0,0.48883858669097824,1.0,0.08,0.009125158432419123,0.03356921389173351,0.5555555555555556,1
reference_alpha_AB,4.0,5.0,5.0,34,A,100,17,0.17,37.54267850705369,36.82501268441228,8.749051240994893,20.0,0.43745256204974464,1.0,0.17,0.03651484454543741,0.012597766351288953,0.5555555555555556,1
reference_alpha_AB,4.0,5.0,5.0,34,B,100,11,0.11,162.76255120596926,162.5468427373404,9.765783230979139,20.0,0.48828916154895696,1.0,0.11,0.012597766351288953,0.03651484454543741,0.5555555555555556,1
reference_alpha_AB,4.0,5.0,5.0,35,A,100,24,0.24,38.23068701870382,37.50908095114465,8.73814243828211,20.0,0.43690712191410547,1.0,0.24,0.0529957983878655,0.014750746653137248,0.5555555555555556,1
reference_alpha_AB,4.0,5.0,5.0,35,B,100,13,0.13,162.10125495641955,161.82486722979993,9.75587112496956,20.0,0.48779355624847803,1.0,0.13,0.014750746653137248,0.0529957983878655,0.5555555555555556,1
reference_alpha_AB,4.0,5.0,5.0,36,A,100,26,0.26,38.925858811281344,38.188622214634655,8.734920283926783,20.0,0.4367460141963392,1.0,0.26,0.059662913147029206,0.026375565661898137,0.5555555555555556,1
reference_alpha_AB,4.0,5.0,5.0,36,B,100,23,0.23,161.40972971950558,161.12655351448407,9.7537098676741,20.0,0.48768549338370504,1.0,0.23,0.026375565661898137,0.059662913147029206,0.5555555555555556,1
reference_alpha_AB,4.0,5.0,5.0,37,A,100,15,0.15,39.62723385408797,38.86172518059763,8.72543932869716,20.0,0.436271966434858,1.0,0.15,0.03526547629430865,0.01864968186895366,0.5555555555555556,1
reference_alpha_AB,4.0,5.0,5.0,37,B,100,16,0.16,160.73765634279917,160.41358534498397,9.748539544417586,20.0,0.4874269772208793,1.0,0.16,0.01864968186895366,0.03526547629430865,0.5555555555555556,1
reference_alpha_AB,4.0,5.0,5.0,38,A,100,20,0.2,40.318237062973786,39.5450792452568,8.724630124099205,20.0,0.43623150620496026,1.0,0.2,0.048215968563453004,0.009269883482169505,0.5555555555555556,1
reference_alpha_AB,4.0,5.0,5.0,38,B,100,8,0.08,160.05893502313904,159.70617102785033,9.749024576730385,20.0,0.48745122883651926,1.0,0.08,0.009269883482169505,0.048215968563453004,0.5555555555555556,1
reference_alpha_AB,4.0,5.0,5.0,39,A,100,15,0.15,41.006761904184266,40.23441878683659,8.715224139385567,20.0,0.43576120696927834,1.0,0.15,0.03733014900038767,0.006963960916120504,0.5555555555555556,1
reference_alpha_AB,4.0,5.0,5.0,39,B,100,6,0.06,159.38466666492562,158.9892483319825,9.747234131555897,20.0,0.4873617065777949,1.0,0.06,0.006963960916120504,0.03733014900038767,0.5555555555555556,1
reference_alpha_AB,4.0,5.0,5.0,40,A,100,13,0.13,41.70140082554283,40.91765406422565,8.71574512299008,20.0,0.43578725614950403,1.0,0.13,0.03273636151442616,0.00469410626836575,0.5555555555555556,1
reference_alpha_AB,4.0,5.0,5.0,40,B,100,4,0.04,158.702112324651,158.2809222780401,9.732338909716633,20.0,0.4866169454858317,1.0,0.04,0.00469410626836575,0.03273636151442616,0.5555555555555556,1
reference_alpha_AB,4.0,5.0,5.0,41,A,100,13,0.13,42.390515129073954,41.60582143214547,8.717620420181367,20.0,0.43588102100906834,1.0,0.13,0.033453410260628536,0.007084468403376176,0.5555555555555556,1
reference_alpha_AB,4.0,5.0,5.0,41,B,100,6,0.06,158.0255599187354,157.5672326025101,9.732827321375991,20.0,0.48664136606879954,1.0,0.06,0.007084468403376176,0.033453410260628536,0.5555555555555556,1
reference_alpha_AB,4.0,5.0,5.0,42,A,100,11,0.11,43.083903804058345,42.28477263051964,8.717097298788978,20.0,0.4358548649394489,1.0,0.11,0.028617997438881715,0.00830345000852395,0.5555555555555556,1
reference_alpha_AB,4.0,5.0,5.0,42,B,100,7,0.07,157.3390430758289,156.863553208648,9.737201786623105,20.0,0.48686008933115527,1.0,0.07,0.00830345000852395,0.028617997438881715,0.5555555555555556,1
reference_alpha_AB,4.0,5.0,5.0,43,A,100,18,0.18,43.75907748129107,42.97996620569409,8.727854152840608,20.0,0.4363927076420304,1.0,0.18,0.04850467608902098,0.004791105448218147,0.5555555555555556,1
reference_alpha_AB,4.0,5.0,5.0,43,B,100,4,0.04,156.66540296090113,156.1473197458771,9.74199112067189,20.0,0.48709955603359456,1.0,0.04,0.004791105448218147,0.04850467608902098,0.5555555555555556,1
reference_alpha_AB,4.0,5.0,5.0,44,A,100,10,0.1,44.4509420681249,43.667128341203714,8.729724596034362,20.0,0.43648622980171814,1.0,0.1,0.027602461289917057,0.004807506474190815,0.5555555555555556,1
reference_alpha_AB,4.0,5.0,5.0,44,B,100,4,0.04,155.9867559720674,155.43688296415212,9.737248004553145,20.0,0.48686240022765725,1.0,0.04,0.004807506474190815,0.027602461289917057,0.5555555555555556,1
reference_alpha_AB,4.0,5.0,5.0,45,A,100,17,0.17,45.14048566967073,44.352215520665204,8.731899688590158,20.0,0.4365949844295079,1.0,0.17,0.04747804793310184,0.004821441868944731,0.5555555555555556,1
reference_alpha_AB,4.0,5.0,5.0,45,B,100,4,0.04,155.30170854272467,154.7251940841826,9.7326494268869,20.0,0.48663247134434495,1.0,0.04,0.004821441868944731,0.04747804793310184,0.5555555555555556,1
reference_alpha_AB,4.0,5.0,5.0,46,A,100,23,0.23,45.818707570036764,45.05363314079769,8.721011307719715,20.0,0.43605056538598574,1.0,0.23,0.06612474007973546,0.007330497310168882,0.5555555555555556,1
reference_alpha_AB,4.0,5.0,5.0,46,B,100,6,0.06,154.62794947803752,154.01110203891653,9.731276951509301,20.0,0.48656384757546506,1.0,0.06,0.007330497310168882,0.06612474007973546,0.5555555555555556,1
reference_alpha_AB,4.0,5.0,5.0,47,A,100,23,0.23,46.5258699297395,45.73257009772337,8.711505719277717,20.0,0.43557528596388584,1.0,0.23,0.06805546503109328,0.007228909060367883,0.5555555555555556,1
reference_alpha_AB,4.0,5.0,5.0,47,B,100,6,0.06,153.94897295129033,153.29087762364142,9.719606356909537,20.0,0.48598031784547685,1.0,0.06,0.007228909060367883,0.06805546503109328,0.5555555555555556,1
reference_alpha_AB,4.0,5.0,5.0,48,A,100,12,0.12,47.21970177412962,46.4171695511594,8.709051005874931,20.0,0.4354525502937466,1.0,0.12,0.0366988002597729,0.013262430004316483,0.5555555555555556,1
reference_alpha_AB,4.0,5.0,5.0,48,B,100,11,0.11,153.26241516338564,152.58097611212494,9.701926982660883,20.0,0.4850963491330441,1.0,0.11,0.013262430004316483,0.0366988002597729,0.5555555555555556,1
reference_alpha_AB,4.0,5.0,5.0,49,A,100,19,0.19,47.90799523451826,47.10210313711296,8.713392384866955,20.0,0.43566961924334774,1.0,0.19,0.0595074299977596,0.007140212959093506,0.5555555555555556,1
reference_alpha_AB,4.0,5.0,5.0,49,B,100,6,0.06,152.58314251723638,151.87050417300773,9.702588345332066,20.0,0.4851294172666033,1.0,0.06,0.007140212959093506,0.0595074299977596,0.5555555555555556,1
reference_alpha_AB,4.0,5.0,5.0,50,A,100,12,0.12,48.5865443518021,47.794729720293944,8.703256223187893,20.0,0.43516281115939465,1.0,0.12,0.038267717264448,0.010805073488133643,0.5555555555555556,1
reference_alpha_AB,4.0,5.0,5.0,50,B,100,9,0.09,151.91264133989569,151.15907462463673,9.708336291057314,20.0,0.4854168145528657,1.0,0.09,0.010805073488133643,0.038267717264448,0.5555555555555556,1
reference_alpha_AB,4.0,5.0,5.0,51,A,100,9,0.09,49.2766846271473,48.48354675806299,8.702568713144629,20.0,0.43512843565723147,1.0,0.09,0.02964363425625194,0.026120864083576167,0.5555555555555556,1
reference_alpha_AB,4.0,5.0,5.0,51,B,100,22,0.22,151.2365548268794,150.45171388921847,9.703029612307335,20.0,0.4851514806153667,1.0,0.22,0.026120864083576167,0.02964363425625194,0.5555555555555556,1
reference_alpha_AB,4.0,5.0,5.0,52,A,100,13,0.13,49.970862472959794,49.176047089766335,8.68519355633744,20.0,0.434259677816872,1.0,0.13,0.04430541658602927,0.009518397584949434,0.5555555555555556,1
reference_alpha_AB,4.0,5.0,5.0,52,B,100,8,0.08,150.57069891804872,149.74138529327968,9.708743021435463,20.0,0.48543715107177315,1.0,0.08,0.009518397584949434,0.04430541658602927,0.5555555555555556,1
reference_alpha_AB,4.0,5.0,5.0,53,A,100,20,0.2,50.648557138481145,49.86969327038016,8.68053596348273,20.0,0.43402679817413653,1.0,0.2,0.07015456621192862,0.008344937806906483,0.5555555555555556,1
reference_alpha_AB,4.0,5.0,5.0,53,B,100,7,0.07,149.8868487639143,149.0402338437055,9.721093259144002,20.0,0.4860546629572001,1.0,0.07,0.008344937806906483,0.07015456621192862,0.5555555555555556,1
reference_alpha_AB,4.0,5.0,5.0,54,A,100,10,0.1,51.3322848095953,50.56173659765269,8.68567696230984,20.0,0.434283848115492,1.0,0.1,0.035693192989877054,0.010755592703384553,0.5555555555555556,1
reference_alpha_AB,4.0,5.0,5.0,54,B,100,9,0.09,149.2242464403189,148.32025746491746,9.725229347533523,20.0,0.48626146737667614,1.0,0.09,0.010755592703384553,0.035693192989877054,0.5555555555555556,1
reference_alpha_AB,4.0,5.0,5.0,55,A,100,10,0.1,52.00713669630538,51.260976234669435,8.694114944826724,20.0,0.4347057472413362,1.0,0.1,0.035719870545334986,0.0072017740396368435,0.5555555555555556,1
reference_alpha_AB,4.0,5.0,5.0,55,B,100,6,0.06,148.5362154748419,147.62517345991787,9.72196831967319,20.0,0.4860984159836595,1.0,0.06,0.0072017740396368435,0.035719870545334986,0.5555555555555556,1
reference_alpha_AB,4.0,5.0,5.0,56,A,100,16,0.16,52.689297579227876,51.955476885126984,8.705527155329102,20.0,0.4352763577664551,1.0,0.16,0.05879288911295433,0.011977073568336105,0.5555555555555556,1
reference_alpha_AB,4.0,5.0,5.0,56,B,100,10,0.1,147.8575435802881,146.92715229877265,9.734610819546825,20.0,0.48673054097734125,1.0,0.1,0.011977073568336105,0.05879288911295433,0.5555555555555556,1
reference_alpha_AB,4.0,5.0,5.0,57,A,100,16,0.16,53.379367365089145,52.64233850346678,8.70519357653589,20.0,0.4352596788267945,1.0,0.16,0.05970966997604987,0.009557891727292267,0.5555555555555556,1
reference_alpha_AB,4.0,5.0,5.0,57,B,100,8,0.08,147.18001739565932,146.2276586518165,9.71506665274647,20.0,0.4857533326373235,1.0,0.08,0.009557891727292267,0.05970966997604987,0.5555555555555556,1
reference_alpha_AB,4.0,5.0,5.0,58,A,100,13,0.13,54.06168603931641,53.338890302472,8.70291957586059,20.0,0.4351459787930295,1.0,0.13,0.04960562399529933,0.009638728273642982,0.5555555555555556,1
reference_alpha_AB,4.0,5.0,5.0,58,B,100,8,0.08,146.4966621193101,145.5248139884039,9.704442738454372,20.0,0.4852221369227186,1.0,0.08,0.009638728273642982,0.04960562399529933,0.5555555555555556,1
reference_alpha_AB,4.0,5.0,5.0,59,A,100,17,0.17,54.769625232915395,54.012414461508136,8.687689643035629,20.0,0.43438448215178144,1.0,0.17,0.0660615228321405,0.00595585759170425,0.5555555555555556,1
reference_alpha_AB,4.0,5.0,5.0,59,B,100,5,0.05,145.79998407949367,144.82760720180733,9.695926983368604,20.0,0.48479634916843023,1.0,0.05,0.00595585759170425,0.0660615228321405,0.5555555555555556,1
reference_alpha_AB,4.0,5.0,5.0,60,A,100,7,0.07,55.4686658433117,54.68934291552935,8.689087450008032,20.0,0.4344543725004016,1.0,0.07,0.02785045600548708,0.007299661321659934,0.5555555555555556,1
reference_alpha_AB,4.0,5.0,5.0,60,B,100,6,0.06,145.11678176440148,144.1219073780616,9.700453358768682,20.0,0.48502266793843407,1.0,0.06,0.007299661321659934,0.02785045600548708,0.5555555555555556,1
reference_alpha_AB,4.0,5.0,5.0,61,A,100,15,0.15,56.17344073228502,55.363874878859825,8.688305178571138,20.0,0.4344152589285569,1.0,0.15,0.060121823151619846,0.008607961896595961,0.5555555555555556,1
reference_alpha_AB,4.0,5.0,5.0,61,B,100,7,0.07,144.42443079006347,143.41662917616964,9.703728705978822,20.0,0.4851864352989411,1.0,0.07,0.008607961896595961,0.060121823151619846,0.5555555555555556,1
reference_alpha_AB,4.0,5.0,5.0,62,A,100,12,0.12,56.87959867269635,56.03954676765407,8.691886337554854,20.0,0.4345943168777427,1.0,0.12,0.049181057812659135,0.01234059573459334,0.5555555555555556,1
reference_alpha_AB,4.0,5.0,5.0,62,B,100,10,0.1,143.7312473030919,142.7171285351572,9.704961431050544,20.0,0.4852480715525272,1.0,0.1,0.01234059573459334,0.049181057812659135,0.5555555555555556,1
reference_alpha_AB,4.0,5.0,5.0,63,A,100,9,0.09,57.59733047936431,56.69989689179701,8.689990851282753,20.0,0.43449954256413764,1.0,0.09,0.037518385453396474,0.013535668888291053,0.5555555555555556,1
reference_alpha_AB,4.0,5.0,5.0,63,B,100,11,0.11,143.0488960568881,142.01195853415717,9.711896366748674,20.0,0.4855948183374337,1.0,0.11,0.013535668888291053,0.037518385453396474,0.5555555555555556,1
reference_alpha_AB,4.0,5.0,5.0,64,A,100,7,0.07,58.28869948050826,57.39031444367506,8.675408746858945,20.0,0.4337704373429473,1.0,0.07,0.029803421950925335,0.006277847529173486,0.5555555555555556,1
reference_alpha_AB,4.0,5.0,5.0,64,B,100,5,0.05,142.37523158028017,141.30259256645297,9.722537354356355,20.0,0.48612686771781777,1.0,0.05,0.006277847529173486,0.029803421950925335,0.5555555555555556,1
reference_alpha_AB,4.0,5.0,5.0,65,A,100,11,0.11,58.99231639774201,58.07638337811373,8.667337302107995,20.0,0.4333668651053998,1.0,0.11,0.04795137982768527,0.006227633257456788,0.5555555555555556,1
reference_alpha_AB,4.0,5.0,5.0,65,B,100,5,0.05,141.69274445256337,140.5966114217343,9.73351094490528,20.0,0.486675547245264,1.0,0.05,0.006227633257456788,0.04795137982768527,0.5555555555555556,1
reference_alpha_AB,4.0,5.0,5.0,66,A,100,8,0.08,59.695404159568504,58.752054581309906,8.672289102394108,20.0,0.4336144551197054,1.0,0.08,0.03562953236548938,0.01132956168813204,0.5555555555555556,1
reference_alpha_AB,4.0,5.0,5.0,66,B,100,9,0.09,141.0279399589985,139.87751073868355,9.740828318541311,20.0,0.48704141592706557,1.0,0.09,0.01132956168813204,0.03562953236548938,0.5555555555555556,1
reference_alpha_AB,4.0,5.0,5.0,67,A,100,23,0.23,60.393597344663206,59.43694680039795,8.669493877236764,20.0,0.43347469386183823,1.0,0.23,0.10696189093542552,0.0076464072422675056,0.5555555555555556,1
reference_alpha_AB,4.0,5.0,5.0,67,B,100,6,0.06,140.34800468979128,139.16552535103315,9.732326649637772,20.0,0.48661633248188857,1.0,0.06,0.0076464072422675056,0.10696189093542552,0.5555555555555556,1
reference_alpha_AB,4.0,5.0,5.0,68,A,100,11,0.11,61.08678189033438,60.12564419690251,8.673798300057273,20.0,0.43368991500286364,1.0,0.11,0.052331667293837536,0.008637963645759306,0.5555555555555556,1
reference_alpha_AB,4.0,5.0,5.0,68,B,100,7,0.07,139.67418741705592,138.45404109201422,9.735441220207358,20.0,0.4867720610103679,1.0,0.07,0.008637963645759306,0.052331667293837536,0.5555555555555556,1
reference_alpha_AB,4.0,5.0,5.0,69,A,100,12,0.12,61.78343588069623,60.81353554393443,8.679629885874764,20.0,0.4339814942937382,1.0,0.12,0.05835605815110112,0.0062500424338367555,0.5555555555555556,1
reference_alpha_AB,4.0,5.0,5.0,69,B,100,5,0.05,138.99576232336503,137.7419491601616,9.72920583308066,20.0,0.48646029165403304,1.0,0.05,0.0062500424338367555,0.05835605815110112,0.5555555555555556,1
reference_alpha_AB,4.0,5.0,5.0,70,A,100,8,0.08,62.478558035871664,61.5064320521284,8.680088351861274,20.0,0.4340044175930637,1.0,0.08,0.03969548595814487,0.00978567914296824,0.5555555555555556,1
reference_alpha_AB,4.0,5.0,5.0,70,B,100,8,0.08,138.31452791672766,137.03555623388408,9.718336585713363,20.0,0.48591682928566815,1.0,0.08,0.00978567914296824,0.03969548595814487,0.5555555555555556,1
reference_alpha_AB,4.0,5.0,5.0,71,A,100,10,0.1,63.182073786622304,62.18961616942002,8.678442551677296,20.0,0.43392212758386484,1.0,0.1,0.05105593358033611,0.016142284202763424,0.5555555555555556,1
reference_alpha_AB,4.0,5.0,5.0,71,B,100,13,0.13,137.63317615794574,136.3295051025295,9.715738438445598,20.0,0.4857869219222799,1.0,0.13,0.016142284202763424,0.05105593358033611,0.5555555555555556,1
reference_alpha_AB,4.0,5.0,5.0,72,A,100,10,0.1,63.88024003829568,62.87908402867707,8.68451259760292,20.0,0.434225629880146,1.0,0.1,0.05244441076521711,0.006093078295406729,0.5555555555555556,1
reference_alpha_AB,4.0,5.0,5.0,72,B,100,5,0.05,136.97018062850583,135.6080745466039,9.708783868894784,20.0,0.4854391934447392,1.0,0.05,0.006093078295406729,0.05244441076521711,0.5555555555555556,1
reference_alpha_AB,4.0,5.0,5.0,73,A,100,11,0.11,64.58318110233155,63.559513083180065,8.680770293456828,20.0,0.4340385146728414,1.0,0.11,0.05903733811242218,0.012283603875085758,0.5555555555555556,1
reference_alpha_AB,4.0,5.0,5.0,73,B,100,10,0.1,136.29936217639096,134.90626689487377,9.718825405953918,20.0,0.4859412702976959,1.0,0.1,0.012283603875085758,0.05903733811242218,0.5555555555555556,1
reference_alpha_AB,4.0,5.0,5.0,74,A,100,11,0.11,65.29743698353846,64.23680996068816,8.679164257088082,20.0,0.4339582128544041,1.0,0.11,0.06104825363195587,0.007416474367426762,0.5555555555555556,1
reference_alpha_AB,4.0,5.0,5.0,74,B,100,6,0.06,135.62037109684633,134.20339656006502,9.719099632407463,20.0,0.48595498162037315,1.0,0.06,0.007416474367426762,0.06104825363195587,0.5555555555555556,1
reference_alpha_AB,4.0,5.0,5.0,75,A,100,14,0.14,65.98410761205811,64.93353331478802,8.676420778259832,20.0,0.4338210389129916,1.0,0.14,0.07830194872655416,0.006161219280807373,0.5555555555555556,1
reference_alpha_AB,4.0,5.0,5.0,75,B,100,5,0.05,134.94165432475972,133.50093837741034,9.720015832353964,20.0,0.48600079161769816,1.0,0.05,0.006161219280807373,0.07830194872655416,0.5555555555555556,1
reference_alpha_AB,4.0,5.0,5.0,76,A,100,14,0.14,66.69239362619147,65.61462101439139,8.671186044831318,20.0,0.4335593022415659,1.0,0.14,0.07980226052415729,0.008580747567378033,0.5555555555555556,1
reference_alpha_AB,4.0,5.0,5.0,76,B,100,7,0.07,134.27257783564136,132.7887613670576,9.712013492889186,20.0,0.48560067464445933,1.0,0.07,0.008580747567378033,0.07980226052415729,0.5555555555555556,1
reference_alpha_AB,4.0,5.0,5.0,77,A,100,10,0.1,67.38982732769777,66.30201210611635,8.681723901328759,20.0,0.434086195066438,1.0,0.1,0.057834660070444355,0.007447547374635155,0.5555555555555556,1
reference_alpha_AB,4.0,5.0,5.0,77,B,100,6,0.06,133.60576015552536,132.07764901678883,9.714969317939683,20.0,0.48574846589698417,1.0,0.06,0.007447547374635155,0.057834660070444355,0.5555555555555556,1
reference_alpha_AB,4.0,5.0,5.0,78,A,100,11,0.11,68.09788763636641,66.97360724069975,8.690698095018943,20.0,0.43453490475094714,1.0,0.11,0.0649016822208951,0.005041068621898237,0.5555555555555556,1
reference_alpha_AB,4.0,5.0,5.0,78,B,100,4,0.04,132.932585743457,131.37303708416002,9.720553539882259,20.0,0.4860276769941129,1.0,0.04,0.005041068621898237,0.0649016822208951,0.5555555555555556,1
reference_alpha_AB,4.0,5.0,5.0,79,A,100,10,0.1,68.80823342910563,67.63937402812412,8.698521258988963,20.0,0.43492606294944813,1.0,0.1,0.058774971621927796,0.005069933435288276,0.5555555555555556,1
reference_alpha_AB,4.0,5.0,5.0,79,B,100,4,0.04,132.2598480703988,130.65242010743538,9.704327111388324,20.0,0.48521635556941617,1.0,0.04,0.005069933435288276,0.058774971621927796,0.5555555555555556,1
reference_alpha_AB,4.0,5.0,5.0,80,A,100,5,0.05,69.51003901840797,68.32077939832297,8.704478148125204,20.0,0.4352239074062602,1.0,0.05,0.029956665700735186,0.010109575767921486,0.5555555555555556,1
reference_alpha_AB,4.0,5.0,5.0,80,B,100,8,0.08,131.58262465372428,129.9344161086606,9.704712862119788,20.0,0.4852356431059894,1.0,0.08,0.010109575767921486,0.029956665700735186,0.5555555555555556,1
reference_alpha_AB,4.0,5.0,5.0,81,A,100,4,0.04,70.21287461126273,69.00229032010365,8.705850440115645,20.0,0.4352925220057823,1.0,0.04,0.024027389573361813,0.007611404830434543,0.5555555555555556,1
reference_alpha_AB,4.0,5.0,5.0,81,B,100,6,0.06,130.9019797292028,129.2214554019094,9.700006030749433,20.0,0.48500030153747165,1.0,0.06,0.007611404830434543,0.024027389573361813,0.5555555555555556,1
reference_alpha_AB,4.0,5.0,5.0,82,A,100,5,0.05,70.91465812726622,69.68950395847202,8.7086081738474,20.0,0.43543040869237004,1.0,0.05,0.030159566091015333,0.005046056048318204,0.5555555555555556,1
reference_alpha_AB,4.0,5.0,5.0,82,B,100,4,0.04,130.21783812210933,128.50864180945683,9.692103023938676,20.0,0.4846051511969338,1.0,0.04,0.005046056048318204,0.030159566091015333,0.5555555555555556,1
reference_alpha_AB,4.0,5.0,5.0,83,A,100,6,0.06,71.62036557963083,70.37092726689069,8.710897329392495,20.0,0.43554486646962476,1.0,0.06,0.03642738306096882,0.011368858055239572,0.5555555555555556,1
reference_alpha_AB,4.0,5.0,5.0,83,B,100,9,0.09,129.53223323750856,127.7961173770105,9.68700494346125,20.0,0.4843502471730625,1.0,0.09,0.011368858055239572,0.03642738306096882,0.5555555555555556,1
reference_alpha_AB,4.0,5.0,5.0,84,A,100,9,0.09,72.32566324815052,71.05553653824306,8.70688986722607,20.0,0.43534449336130354,1.0,0.09,0.05438769444147362,0.013897810102833419,0.5555555555555556,1
reference_alpha_AB,4.0,5.0,5.0,84,B,100,11,0.11,128.8547754396407,127.07831629923892,9.682148549064928,20.0,0.4841074274532464,1.0,0.11,0.013897810102833419,0.05438769444147362,0.5555555555555556,1
reference_alpha_AB,4.0,5.0,5.0,85,A,100,9,0.09,73.03621146868817,71.7379505578981,8.70831835783351,20.0,0.43541591789167555,1.0,0.09,0.05435563966374479,0.011459021246047918,0.5555555555555556,1
reference_alpha_AB,4.0,5.0,5.0,85,B,100,9,0.09,128.17793803033746,126.37411215524902,9.68686700881693,20.0,0.48434335044084653,1.0,0.09,0.011459021246047918,0.05435563966374479,0.5555555555555556,1
reference_alpha_AB,4.0,5.0,5.0,86,A,100,4,0.04,73.74822952654564,72.42177752845986,8.707287488549772,20.0,0.4353643744274886,1.0,0.04,0.023908314506254302,0.006372495481054341,0.5555555555555556,1
reference_alpha_AB,4.0,5.0,5.0,86,B,100,5,0.05,127.49710514415352,125.6654171350652,9.68595497524765,20.0,0.4842977487623825,1.0,0.05,0.006372495481054341,0.023908314506254302,0.5555555555555556,1
reference_alpha_AB,4.0,5.0,5.0,87,A,100,5,0.05,74.45410826100975,73.10747347963165,8.709466406211488,20.0,0.4354733203105744,1.0,0.05,0.02868046515379097,0.0063980738323803354,0.5555555555555556,1
reference_alpha_AB,4.0,5.0,5.0,87,B,100,5,0.05,126.81897582045289,124.95430964397151,9.692626832214156,20.0,0.4846313416107078,1.0,0.05,0.0063980738323803354,0.02868046515379097,0.5555555555555556,1
reference_alpha_AB,4.0,5.0,5.0,88,A,100,6,0.06,75.16104274837635,73.78702954436272,8.710230734348922,20.0,0.43551153671744613,1.0,0.06,0.034407855168483215,0.005087620558503536,0.5555555555555556,1
reference_alpha_AB,4.0,5.0,5.0,88,B,100,4,0.04,126.13733436244456,124.23933488970657,9.696004657365863,20.0,0.48480023286829316,1.0,0.04,0.005087620558503536,0.034407855168483215,0.5555555555555556,1
reference_alpha_AB,4.0,5.0,5.0,89,A,100,10,0.1,75.87549774003124,74.45800171807149,8.714677074751114,20.0,0.4357338537375557,1.0,0.1,0.05662540280220507,0.003835115322565752,0.5555555555555556,1
reference_alpha_AB,4.0,5.0,5.0,89,B,100,3,0.03,125.45983169674884,123.5198297397605,9.68481164145316,20.0,0.484240582072658,1.0,0.03,0.003835115322565752,0.05662540280220507,0.5555555555555556,1
reference_alpha_AB,4.0,5.0,5.0,90,A,100,7,0.07,76.59395335853277,75.1290754193476,8.714641105443757,20.0,0.43573205527218783,1.0,0.07,0.03968721771715478,0.0076267819154821614,0.5555555555555556,1
reference_alpha_AB,4.0,5.0,5.0,90,B,100,6,0.06,124.77809018096859,122.8016079251647,9.678319538110108,20.0,0.48391597690550536,1.0,0.06,0.0076267819154821614,0.03968721771715478,0.5555555555555556,1
reference_alpha_AB,4.0,5.0,5.0,91,A,100,8,0.08,77.30752179932476,75.80192478461879,8.721471937294792,20.0,0.4360735968647396,1.0,0.08,0.0449584054059563,0.008987123850148437,0.5555555555555556,1
reference_alpha_AB,4.0,5.0,5.0,91,B,100,7,0.07,124.10272473410708,122.0846364474383,9.669007048746904,20.0,0.4834503524373452,1.0,0.07,0.008987123850148437,0.0449584054059563,0.5555555555555556,1
reference_alpha_AB,4.0,5.0,5.0,92,A,100,12,0.12,78.02595392121175,76.48083902662809,8.72091479724853,20.0,0.43604573986242656,1.0,0.12,0.06613416252376925,0.007697733276243235,0.5555555555555556,1
reference_alpha_AB,4.0,5.0,5.0,92,B,100,6,0.06,123.41973489470607,121.37631388801458,9.673020240020321,20.0,0.48365101200101607,1.0,0.06,0.007697733276243235,0.06613416252376925,0.5555555555555556,1
reference_alpha_AB,4.0,5.0,5.0,93,A,100,14,0.14,78.74277610360045,77.15066623564866,8.721900843923379,20.0,0.43609504219616896,1.0,0.14,0.07729768755697941,0.0050866674347653795,0.5555555555555556,1
reference_alpha_AB,4.0,5.0,5.0,93,B,100,4,0.04,122.74327409833197,120.6610898824769,9.670602496688884,20.0,0.48353012483444424,1.0,0.04,0.0050866674347653795,0.07729768755697941,0.5555555555555556,1
reference_alpha_AB,4.0,5.0,5.0,94,A,100,5,0.05,79.44840457508698,77.82419293646387,8.729002724375423,20.0,0.43645013621877116,1.0,0.05,0.027282648037306956,0.0065145167862511455,0.5555555555555556,1
reference_alpha_AB,4.0,5.0,5.0,94,B,100,5,0.05,122.05855239149358,119.96088059156767,9.664855438019412,20.0,0.4832427719009706,1.0,0.05,0.0065145167862511455,0.027282648037306956,0.5555555555555556,1
reference_alpha_AB,4.0,5.0,5.0,95,A,100,11,0.11,80.1593598526843,78.50064011140643,8.735864667514216,20.0,0.4367932333757108,1.0,0.11,0.058650517786841716,0.009321491877171684,0.5555555555555556,1
reference_alpha_AB,4.0,5.0,5.0,95,B,100,7,0.07,121.39073496586818,119.23644917556376,9.66507302060604,20.0,0.48325365103030193,1.0,0.07,0.009321491877171684,0.058650517786841716,0.5555555555555556,1
reference_alpha_AB,4.0,5.0,5.0,96,A,100,6,0.06,80.86573236796568,79.18060245020114,8.744811464525183,20.0,0.43724057322625914,1.0,0.06,0.03093664811974184,0.007786790587908987,0.5555555555555556,1
reference_alpha_AB,4.0,5.0,5.0,96,B,100,6,0.06,120.71726734436191,118.51603162232472,9.66079915703607,20.0,0.48303995785180354,1.0,0.06,0.007786790587908987,0.03093664811974184,0.5555555555555556,1
reference_alpha_AB,4.0,5.0,5.0,97,A,100,13,0.13,81.58115193113434,79.858511302636,8.745600132024563,20.0,0.4372800066012282,1.0,0.13,0.06502324381167801,0.009072729255707679,0.5555555555555556,1
reference_alpha_AB,4.0,5.0,5.0,97,B,100,7,0.07,120.03400084268813,117.80530314909971,9.662624791746673,20.0,0.4831312395873336,1.0,0.07,0.009072729255707679,0.06502324381167801,0.5555555555555556,1
reference_alpha_AB,4.0,5.0,5.0,98,A,100,4,0.04,82.29161686613641,80.53663256631424,8.759085805669336,20.0,0.43795429028346683,1.0,0.04,0.019593757380201415,0.009157672870134026,0.5555555555555556,1
reference_alpha_AB,4.0,5.0,5.0,98,B,100,7,0.07,119.37155688527811,117.07917569022212,9.657620435925995,20.0,0.48288102179629977,1.0,0.07,0.009157672870134026,0.019593757380201415,0.5555555555555556,1
reference_alpha_AB,4.0,5.0,5.0,99,A,100,17,0.17,83.00552679957376,81.20588611632785,8.772529760178143,20.0,0.43862648800890713,1.0,0.17,0.08265938082872915,0.005200239988509492,0.5555555555555556,1
reference_alpha_AB,4.0,5.0,5.0,99,B,100,4,0.04,118.69643231916729,116.36055237835748,9.667972571371072,20.0,0.4833986285685536,1.0,0.04,0.005200239988509492,0.08265938082872915,0.5555555555555556,1
reference_alpha_AB,4.0,5.0,5.0,100,A,100,12,0.12,83.72716077008172,81.85922020370536,8.78862481742861,20.0,0.43943124087143054,1.0,0.12,0.057545645662031464,0.007865112845876099,0.5555555555555556,1
reference_alpha_AB,4.0,5.0,5.0,100,B,100,6,0.06,118.03552521146416,115.63318093685112,9.663573964108584,20.0,0.48317869820542925,1.0,0.06,0.007865112845876099,0.057545645662031464,0.5555555555555556,1
reference_alpha_AB,4.0,5.0,5.0,101,A,100,9,0.09,84.44383571224898,82.52551525246606,8.803866549854334,20.0,0.44019332749271667,1.0,0.09,0.043350862697603576,0.0052510135966788996,0.5555555555555556,1
reference_alpha_AB,4.0,5.0,5.0,101,B,100,4,0.04,117.37433392598663,114.90202406966091,9.668072064919501,20.0,0.4834036032459751,1.0,0.04,0.0052510135966788996,0.043350862697603576,0.5555555555555556,1
reference_alpha_AB,4.0,5.0,5.0,102,A,100,6,0.06,85.15913327559056,83.19537630496109,8.816892253010485,20.0,0.4408446126505242,1.0,0.06,0.02833894693065442,0.006471242226726792,0.5555555555555556,1
reference_alpha_AB,4.0,5.0,5.0,102,B,100,5,0.05,116.70704278683739,114.16971437295199,9.66245024381526,20.0,0.48312251219076296,1.0,0.05,0.006471242226726792,0.02833894693065442,0.5555555555555556,1
reference_alpha_AB,4.0,5.0,5.0,103,A,100,8,0.08,85.88447919934573,83.85438116192493,8.820683924170334,20.0,0.4410341962085167,1.0,0.08,0.03755383592621808,0.005285488042898745,0.5555555555555556,1
reference_alpha_AB,4.0,5.0,5.0,103,B,100,4,0.04,116.04138087107525,113.44114426566358,9.66098442112841,20.0,0.48304922105642045,1.0,0.04,0.005285488042898745,0.03755383592621808,0.5555555555555556,1
reference_alpha_AB,4.0,5.0,5.0,104,A,100,9,0.09,86.60654568052703,84.52346291316071,8.820706280994216,20.0,0.4410353140497108,1.0,0.09,0.040997636577063234,0.007834941667123396,0.5555555555555556,1
reference_alpha_AB,4.0,5.0,5.0,104,B,100,6,0.06,115.37786000723078,112.70853367825607,9.652529342023152,20.0,0.48262646710115764,1.0,0.06,0.007834941667123396,0.040997636577063234,0.5555555555555556,1
reference_alpha_AB,4.0,5.0,5.0,105,A,100,7,0.07,87.33108081951188,85.1778859800301,8.83744118316184,20.0,0.44187205915809197,1.0,0.07,0.03127066912233056,0.006564722393393008,0.5555555555555556,1
reference_alpha_AB,4.0,5.0,5.0,105,B,100,5,0.05,114.7120814154394,111.98162727846909,9.650426682955533,20.0,0.48252133414777665,1.0,0.05,0.006564722393393008,0.03127066912233056,0.5555555555555556,1
reference_alpha_AB,4.0,5.0,5.0,106,A,100,11,0.11,88.06476859143545,85.83056488169103,8.842376143414558,20.0,0.44211880717072793,1.0,0.11,0.049180561214989704,0.006623728438738485,0.5555555555555556,1
reference_alpha_AB,4.0,5.0,5.0,106,B,100,5,0.05,114.05041884215741,111.24962306648824,9.641525578695218,20.0,0.4820762789347609,1.0,0.05,0.006623728438738485,0.049180561214989704,0.5555555555555556,1
reference_alpha_AB,4.0,5.0,5.0,107,A,100,8,0.08,88.79761086655736,86.47844366929817,8.83919665970636,20.0,0.441959832985318,1.0,0.08,0.03519883580812755,0.006659421562958623,0.5555555555555556,1
reference_alpha_AB,4.0,5.0,5.0,107,B,100,5,0.05,113.39134272222618,110.51629988338155,9.641127605538326,20.0,0.48205638027691633,1.0,0.05,0.006659421562958623,0.03519883580812755,0.5555555555555556,1
reference_alpha_AB,4.0,5.0,5.0,108,A,100,16,0.16,89.53133875003324,87.13410496021295,8.84117062225353,20.0,0.4420585311126765,1.0,0.16,0.06878790726022921,0.007988678960938467,0.5555555555555556,1
reference_alpha_AB,4.0,5.0,5.0,108,B,100,6,0.06,112.72184665373429,109.79728125855769,9.643214046430074,20.0,0.4821607023215037,1.0,0.06,0.007988678960938467,0.06878790726022921,0.5555555555555556,1
reference_alpha_AB,4.0,5.0,5.0,109,A,100,9,0.09,90.26262569767009,87.78564296473684,8.849898960519175,20.0,0.44249494802595873,1.0,0.09,0.037988576111773975,0.00543169348626138,0.5555555555555556,1
reference_alpha_AB,4.0,5.0,5.0,109,B,100,4,0.04,112.0716258104631,109.0568280423717,9.63913107483785,20.0,0.4819565537418925,1.0,0.04,0.00543169348626138,0.037988576111773975,0.5555555555555556,1
reference_alpha_AB,4.0,5.0,5.0,110,A,100,25,0.25,91.0066792305766,88.41654249290214,8.86093905132837,20.0,0.44304695256641846,1.0,0.25,0.10353561272489864,0.012216769775118652,0.5555555555555556,1
reference_alpha_AB,4.0,5.0,5.0,110,B,100,9,0.09,111.43000293963256,108.30977761897311,9.640766228278128,20.0,0.4820383114139064,1.0,0.09,0.012216769775118652,0.10353561272489864,0.5555555555555556,1
reference_alpha_AB,4.0,5.0,5.0,111,A,100,15,0.15,91.73947852928202,89.05272970243381,8.87451747082209,20.0,0.4437258735411045,1.0,0.15,0.06074180193999901,0.005426664430570383,0.5555555555555556,1
reference_alpha_AB,4.0,5.0,5.0,111,B,100,4,0.04,110.79437822667506,107.55866195380078,9.641139313324608,20.0,0.4820569656662304,1.0,0.04,0.005426664430570383,0.06074180193999901,0.5555555555555556,1
reference_alpha_AB,4.0,5.0,5.0,112,A,100,17,0.17,92.4841404925499,89.68519307699576,8.88594027224891,20.0,0.44429701361244545,1.0,0.17,0.06834954288277828,0.006799894262669359,0.5555555555555556,1
reference_alpha_AB,4.0,5.0,5.0,112,B,100,5,0.05,110.16176928160932,106.79837580547805,9.64124891822431,20.0,0.4820624459112155,1.0,0.05,0.006799894262669359,0.06834954288277828,0.5555555555555556,1
reference_alpha_AB,4.0,5.0,5.0,113,A,100,20,0.2,93.23713940647804,90.30477875608864,8.89495023015135,20.0,0.44474751150756753,1.0,0.2,0.0776233491039372,0.008132257212971727,0.5555555555555556,1
reference_alpha_AB,4.0,5.0,5.0,113,B,100,6,0.06,109.54413010075625,106.02520438474411,9.626496711129388,20.0,0.4813248355564694,1.0,0.06,0.008132257212971727,0.0776233491039372,0.5555555555555556,1
reference_alpha_AB,4.0,5.0,5.0,114,A,100,16,0.16,93.97522443198176,90.91733245935158,8.877027328540166,20.0,0.4438513664270083,1.0,0.16,0.061519021361755244,0.005402741905508934,0.5555555555555556,1
reference_alpha_AB,4.0,5.0,5.0,114,B,100,4,0.04,108.95806712552825,105.25317715181605,9.618996915344399,20.0,0.48094984576721994,1.0,0.04,0.005402741905508934,0.061519021361755244,0.5555555555555556,1
reference_alpha_AB,4.0,5.0,5.0,115,A,100,14,0.14,94.77750476714405,91.45115723248972,8.872170416699038,20.0,0.44360852083495195,1.0,0.14,0.0537159373211592,0.008048459974461242,0.5555555555555556,1
reference_alpha_AB,4.0,5.0,5.0,115,B,100,6,0.06,108.2878350494606,104.5377738081813,9.614710150829113,20.0,0.48073550754145566,1.0,0.06,0.008048459974461242,0.0537159373211592,0.5555555555555556,1
reference_alpha_AB,4.0,5.0,5.0,116,A,100,11,0.11,95.41992097216819,92.17995901909049,8.87913051717303,20.0,0.4439565258586515,1.0,0.11,0.040572783769673104,0.02002450221382479,0.5555555555555556,1
reference_alpha_AB,4.0,5.0,5.0,116,B,100,15,0.15,107.49923864077786,103.96311644337338,9.6344519698449,20.0,0.48172259849224497,1.0,0.15,0.02002450221382479,0.040572783769673104,0.5555555555555556,1
reference_alpha_AB,4.0,5.0,5.0,117,A,100,23,0.23,96.05885029630605,92.8842216391064,8.876719631506239,20.0,0.44383598157531196,1.0,0.23,0.08502715204909406,0.009051969701286744,0.5555555555555556,1
reference_alpha_AB,4.0,5.0,5.0,117,B,100,7,0.07,106.71512786456026,103.41187533284048,9.633349727938924,20.0,0.48166748639694623,1.0,0.07,0.009051969701286744,0.08502715204909406,0.5555555555555556,1
reference_alpha_AB,4.0,5.0,5.0,118,A,100,19,0.19,96.6896761861438,93.60184870139955,8.882892760976421,20.0,0.4441446380488211,1.0,0.19,0.06984370661284856,0.01857385660032973,0.5555555555555556,1
reference_alpha_AB,4.0,5.0,5.0,118,B,100,14,0.14,105.99826759551253,102.78020472294048,9.664776421082145,20.0,0.48323882105410726,1.0,0.14,0.01857385660032973,0.06984370661284856,0.5555555555555556,1
reference_alpha_AB,4.0,5.0,5.0,119,A,100,16,0.16,97.33796252328156,94.35192886155565,8.92673065774457,20.0,0.4463365328872285,1.0,0.16,0.058089822383478706,0.027544950536483648,0.5555555555555556,1
reference_alpha_AB,4.0,5.0,5.0,119,B,100,20,0.2,105.0833480614737,103.13748228985514,9.711574297984258,20.0,0.4855787148992129,1.0,0.2,0.027544950536483648,0.058089822383478706,0.5555555555555556,1
reference_alpha_AB,4.0,5.0,5.0,120,A,99,20,0.20202020202020202,97.60017765189873,95.11809093522632,8.805143326584052,19.8997487421324,0.4424751005997133,1.0,0.20202020202020202,0.07671351278852767,0.033164089198877145,0.5555555555555556,1
reference_alpha_AB,4.0,5.0,5.0,120,B,100,24,0.24,104.88746830626106,104.07401425933931,9.76813129735616,20.0,0.488406564867808,1.0,0.24,0.033164089198877145,0.07671351278852767,0.5555555555555556,1
reference_alpha_AB,4.0,5.0,5.0,121,A,99,41,0.41414141414141414,97.87860908884728,95.98695157977258,8.80400156698292,19.8997487421324,0.4424177250209597,1.0,0.41414141414141414,0.16048886494201509,0.01755074969153858,0.5555555555555556,1
reference_alpha_AB,4.0,5.0,5.0,121,B,99,13,0.13131313131313133,105.6637165044047,104.78215251057004,9.804290768566664,19.8997487421324,0.4926841487103151,1.0,0.13131313131313133,0.01755074969153858,0.16048886494201509,0.5555555555555556,1
reference_alpha_AB,4.0,5.0,5.0,122,A,98,37,0.37755102040816324,98.16391612545212,96.73796955881444,8.705741243410179,19.79898987322333,0.43970633346219595,1.0,0.37755102040816324,0.1423615862525478,0.028800830087019724,0.5555555555555556,1
reference_alpha_AB,4.0,5.0,5.0,122,B,99,21,0.21212121212121213,105.43592225145755,105.70951056028123,9.838317108081256,19.8997487421324,0.49439403660666575,1.0,0.21212121212121213,0.028800830087019724,0.1423615862525478,0.5555555555555556,1
reference_alpha_AB,4.0,5.0,5.0,123,A,98,31,0.3163265306122449,98.33976725235765,97.6602956448364,8.674644014154296,19.79898987322333,0.4381356861991283,1.0,0.3163265306122449,0.12122551712445051,0.023437728537221703,0.5555555555555556,1
reference_alpha_AB,4.0,5.0,5.0,123,B,99,17,0.1717171717171717,105.23650543791369,106.65078171298845,9.876604073822598,19.8997487421324,0.4963180290267449,1.0,0.1717171717171717,0.023437728537221703,0.12122551712445051,0.5555555555555556,1
reference_alpha_AB,4.0,5.0,5.0,124,A,97,46,0.4742268041237113,98.33304271881013,98.50957401473948,8.565986443512445,19.697715603592208,0.43487207430034647,1.0,0.4742268041237113,0.19568305470546,0.028056716717018926,0.5555555555555556,1
reference_alpha_AB,4.0,5.0,5.0,124,B,99,20,0.20202020202020202,105.43379494591673,107.61870080040386,9.903450086303012,19.8997487421324,0.49766709191333175,1.0,0.20202020202020202,0.028056716717018926,0.19568305470546,0.5555555555555556,1
reference_alpha_AB,4.0,5.0,5.0,125,A,96,27,0.28125,98.40622684336256,99.32523470698789,8.467135514595888,19.595917942265423,0.4320866998699541,1.0,0.28125,0.12088078154527038,0.017227044713394202,0.5555555555555556,1
reference_alpha_AB,4.0,5.0,5.0,125,B,98,12,0.12244897959183673,105.71398098009084,108.58844958245687,9.955838954261925,19.79898987322333,0.5028458026399852,1.0,0.12244897959183673,0.017227044713394202,0.12088078154527038,0.5555555555555556,1
reference_alpha_AB,4.0,5.0,5.0,126,A,95,36,0.37894736842105264,98.48712713131779,100.21048984264522,8.336922826407916,19.493588689617926,0.427675117144955,1.0,0.37894736842105264,0.17037546582050656,0.01728777981715912,0.5555555555555556,1
reference_alpha_AB,4.0,5.0,5.0,126,B,98,12,0.12244897959183673,105.57082688458436,109.55432820679796,9.969979983717197,19.79898987322333,0.5035600324843268,1.0,0.12244897959183673,0.01728777981715912,0.17037546582050656,0.5555555555555556,1
reference_alpha_AB,4.0,5.0,5.0,127,A,95,43,0.45263157894736844,98.70729951569206,101.13653752425083,8.345830580991956,19.493588689617926,0.4281320753134006,1.0,0.45263157894736844,0.2111857478189776,0.02908719910280022,0.5555555555555556,1
reference_alpha_AB,4.0,5.0,5.0,127,B,98,20,0.20408163265306123,105.4918830900288,110.51931612538445,9.990498087284763,19.79898987322333,0.5045963532107349,1.0,0.20408163265306123,0.02908719910280022,0.2111857478189776,0.5555555555555556,1
reference_alpha_AB,4.0,5.0,5.0,128,A,95,41,0.43157894736842106,98.86671290928501,102.07742086270301,8.338677144373515,19.493588689617926,0.4277651117577239,1.0,0.43157894736842106,0.2005676773895222,0.030776748130100895,0.5555555555555556,1
reference_alpha_AB,4.0,5.0,5.0,128,B,97,22,0.2268041237113402,105.53643784231856,111.5997047397622,10.010906921823485,19.697715603592208,0.508226797629154,1.0,0.2268041237113402,0.030776748130100895,0.2005676773895222,0.5555555555555556,1
reference_alpha_AB,4.0,5.0,5.0,129,A,95,37,0.3894736842105263,99.02491326589498,102.99657669740945,8.340361328134922,19.493588689617926,0.4278515085617307,1.0,0.3894736842105263,0.1816925798614163,0.015714966807967357,0.5555555555555556,1
reference_alpha_AB,4.0,5.0,5.0,129,B,97,11,0.1134020618556701,105.44308203884441,112.58454293299826,10.018145816784607,19.697715603592208,0.5085942968410829,1.0,0.1134020618556701,0.015714966807967357,0.1816925798614163,0.5555555555555556,1
reference_alpha_AB,4.0,5.0,5.0,130,A,93,39,0.41935483870967744,98.97165396889038,103.87771918770825,8.358321295676545,19.28730152198591,0.43335877163265984,1.0,0.41935483870967744,0.1979374568493254,0.039014680600039986,0.5555555555555556,1
reference_alpha_AB,4.0,5.0,5.0,130,B,97,27,0.27835051546391754,105.3733960276534,113.55001349348129,10.045921412128628,19.697715603592208,0.5100043890519257,1.0,0.27835051546391754,0.039014680600039986,0.1979374568493254,0.5555555555555556,1
reference_alpha_AB,4.0,5.0,5.0,131,A,93,17,0.1827956989247312,99.01135779189157,104.81892766782316,8.347272887957557,19.28730152198591,0.432785938377246,1.0,0.1827956989247312,0.08870586167031247,0.03427185456945481,0.5555555555555556,1
reference_alpha_AB,4.0,5.0,5.0,131,B,97,23,0.23711340206185566,105.29739769820709,114.52976532395988,10.069096219002098,19.697715603592208,0.5111809116162602,1.0,0.23711340206185566,0.03427185456945481,0.08870586167031247,0.5555555555555556,1
reference_alpha_AB,4.0,5.0,5.0,132,A,93,33,0.3548387096774194,99.05481844685337,105.7709725238802,8.358124408402563,19.28730152198591,0.4333485635030386,1.0,0.3548387096774194,0.17532088621341668,0.04742612853930561,0.5555555555555556,1
reference_alpha_AB,4.0,5.0,5.0,132,B,95,32,0.3368421052631579,105.20412048044467,115.58563271773843,10.147753556089315,19.493588689617926,0.5205687735421389,1.0,0.3368421052631579,0.04742612853930561,0.17532088621341668,0.5555555555555556,1
reference_alpha_AB,4.0,5.0,5.0,133,A,93,17,0.1827956989247312,99.4566239140415,106.6386552139871,8.361468540338715,19.28730152198591,0.43352194866696825,1.0,0.1827956989247312,0.09015147220453856,0.03756342711017424,0.5555555555555556,1
reference_alpha_AB,4.0,5.0,5.0,133,B,95,25,0.2631578947368421,105.24951120084835,116.53087077958699,10.16709841165689,19.493588689617926,0.5215611436939662,1.0,0.2631578947368421,0.03756342711017424,0.09015147220453856,0.5555555555555556,1
reference_alpha_AB,4.0,5.0,5.0,134,A,92,41,0.44565217391304346,99.64680344102692,107.44758081856803,8.320851831268891,19.183326093250876,0.43375438601319266,1.0,0.44565217391304346,0.22850385717154753,0.02956544909587311,0.5555555555555556,1
reference_alpha_AB,4.0,5.0,5.0,134,B,95,20,0.21052631578947367,104.46641848118475,115.97035633710318,10.177869986331144,19.493588689617926,0.5221137138156489,1.0,0.21052631578947367,0.02956544909587311,0.22850385717154753,0.5555555555555556,1
reference_alpha_AB,4.0,5.0,5.0,135,A,92,21,0.22826086956521738,99.56494770650761,108.39675115720013,8.359413706156605,19.183326093250876,0.4357645626999811,1.0,0.22826086956521738,0.11558970970495286,0.01811476195316164,0.5555555555555556,1
reference_alpha_AB,4.0,5.0,5.0,135,B,95,12,0.12631578947368421,104.5609446142238,116.92271367362274,10.172152014732687,19.493588689617926,0.5218203880617561,1.0,0.12631578947368421,0.01811476195316164,0.11558970970495286,0.5555555555555556,1
reference_alpha_AB,4.0,5.0,5.0,136,A,90,30,0.3333333333333333,99.45896106706559,109.20121917527386,8.279376260325144,18.973665961010276,0.43636144313591035,1.0,0.3333333333333333,0.1725960764358614,0.0200359266596426,0.5555555555555556,1
reference_alpha_AB,4.0,5.0,5.0,136,B,95,13,0.1368421052631579,104.63116660695079,117.90692207161551,10.16255197743565,19.493588689617926,0.5213279165394576,1.0,0.1368421052631579,0.0200359266596426,0.1725960764358614,0.5555555555555556,1
reference_alpha_AB,4.0,5.0,5.0,137,A,90,38,0.4222222222222222,99.49416626226434,110.14597937548656,8.272741949224788,18.973665961010276,0.43601178423952264,1.0,0.4222222222222222,0.21526582380933035,0.02160418423180288,0.5555555555555556,1
reference_alpha_AB,4.0,5.0,5.0,137,B,95,14,0.14736842105263157,104.51109628553246,118.88039635137868,10.171575954790756,19.493588689617926,0.52179083681026,1.0,0.14736842105263157,0.02160418423180288,0.21526582380933035,0.5555555555555556,1
reference_alpha_AB,4.0,5.0,5.0,138,A,89,42,0.47191011235955055,99.64766020674209,110.9888717786366,8.261379854253265,18.867962264113206,0.43785225657178567,1.0,0.47191011235955055,0.2344873803556622,0.033011684586808365,0.5555555555555556,1
reference_alpha_AB,4.0,5.0,5.0,138,B,95,21,0.22105263157894736,104.5094972032851,119.85108349642569,10.16682126954492,19.493588689617926,0.5215469266035996,1.0,0.22105263157894736,0.033011684586808365,0.2344873803556622,0.5555555555555556,1
reference_alpha_AB,4.0,5.0,5.0,139,A,89,48,0.5393258426966292,99.7312290920038,111.93630746273419,8.275197556019696,18.867962264113206,0.4385845933007345,1.0,0.5393258426966292,0.26648601216963774,0.011198233950039271,0.5555555555555556,1
reference_alpha_AB,4.0,5.0,5.0,139,B,95,7,0.07368421052631578,104.53919326507051,120.82529098419243,10.152054451033191,19.493588689617926,0.5207894047974894,1.0,0.07368421052631578,0.011198233950039271,0.26648601216963774,0.5555555555555556,1
reference_alpha_AB,4.0,5.0,5.0,140,A,89,25,0.2808988764044944,99.8295405982739,112.89102534441177,8.308164853314427,18.867962264113206,0.4403318565628322,1.0,0.2808988764044944,0.14049602193288813,0.021292356988034222,0.5555555555555556,1
reference_alpha_AB,4.0,5.0,5.0,140,B,95,13,0.1368421052631579,104.6265252627145,121.793604263585,10.141041206847655,19.493588689617926,0.5202244372914601,1.0,0.1368421052631579,0.021292356988034222,0.14049602193288813,0.5555555555555556,1
reference_alpha_AB,4.0,5.0,5.0,141,A,88,20,0.22727272727272727,99.75543678949758,113.72381061676434,8.175358664612355,18.76166303929372,0.43574808093985024,1.0,0.22727272727272727,0.11874706736219787,0.017953939179410794,0.5555555555555556,1
reference_alpha_AB,4.0,5.0,5.0,141,B,92,11,0.11956521739130435,104.84818462616083,122.87570159717379,10.135712658640038,19.183326093250876,0.5283605465168008,1.0,0.11956521739130435,0.017953939179410794,0.11874706736219787,0.5555555555555556,1
reference_alpha_AB,4.0,5.0,5.0,142,A,86,33,0.38372093023255816,99.62889164776321,114.4907807773892,7.989642724273186,18.547236990991408,0.43077266593152613,1.0,0.38372093023255816,0.2006736212087603,0.010934100142452663,0.5555555555555556,1
reference_alpha_AB,4.0,5.0,5.0,142,B,90,7,0.07777777777777778,104.76044324352708,124.02568419356818,10.126358544383416,18.973665961010276,0.5337059567293144,1.0,0.07777777777777778,0.010934100142452663,0.2006736212087603,0.5555555555555556,1
reference_alpha_AB,4.0,5.0,5.0,143,A,86,28,0.32558139534883723,100.43412935582077,114.94251329005151,8.00355177690892,18.547236990991408,0.431522591790698,1.0,0.32558139534883723,0.16913365399340052,0.01261024383822884,0.5555555555555556,1
reference_alpha_AB,4.0,5.0,5.0,143,B,90,8,0.08888888888888889,104.73747738593751,124.96645405319357,10.135070592102455,18.973665961010276,0.5341651219605851,1.0,0.08888888888888889,0.01261024383822884,0.16913365399340052,0.5555555555555556,1
reference_alpha_AB,4.0,5.0,5.0,144,A,86,19,0.22093023255813954,101.1546900726365,115.56819745539534,8.031173081200212,18.547236990991408,0.43301183271131105,1.0,0.22093023255813954,0.11570344494097473,0.009591191686453393,0.5555555555555556,1
reference_alpha_AB,4.0,5.0,5.0,144,B,90,6,0.06666666666666667,105.38516647119299,125.68329140593337,10.125096338498015,18.973665961010276,0.5336394326380821,1.0,0.06666666666666667,0.009591191686453393,0.11570344494097473,0.5555555555555556,1
reference_alpha_AB,4.0,5.0,5.0,145,A,86,19,0.22093023255813954,101.78550178506954,116.2632056470916,8.05502831952037,18.547236990991408,0.4342980209630568,1.0,0.22093023255813954,0.11612486068436279,0.016093275881026825,0.5555555555555556,1
reference_alpha_AB,4.0,5.0,5.0,145,B,90,10,0.1111111111111111,106.10331463968342,126.3633541569591,10.104464836487308,18.973665961010276,0.5325520570063458,1.0,0.1111111111111111,0.016093275881026825,0.11612486068436279,0.5555555555555556,1
reference_alpha_AB,4.0,5.0,5.0,146,A,85,12,0.1411764705882353,102.40438486906622,116.9506451914901,8.1210139494885,18.439088914585774,0.4404238185035584,1.0,0.1411764705882353,0.07272095679073975,0.011222597333226836,0.5555555555555556,1
reference_alpha_AB,4.0,5.0,5.0,146,B,90,7,0.07777777777777778,106.74876192601499,127.08396427880699,10.08603586523657,18.973665961010276,0.5315807649382442,1.0,0.07777777777777778,0.011222597333226836,0.07272095679073975,0.5555555555555556,1
reference_alpha_AB,4.0,5.0,5.0,147,A,83,30,0.3614457831325301,102.95947276574965,117.54511677156955,8.050610996353782,18.2208671582886,0.4418346792398183,1.0,0.3614457831325301,0.18669149207323965,0.019328503406920494,0.5555555555555556,1
reference_alpha_AB,4.0,5.0,5.0,147,B,90,12,0.13333333333333333,107.39072316131215,127.83025862198978,10.060047753968256,18.973665961010276,0.5302110712100149,1.0,0.13333333333333333,0.019328503406920494,0.18669149207323965,0.5555555555555556,1
reference_alpha_AB,4.0,5.0,5.0,148,A,83,20,0.24096385542168675,103.59347675314703,118.26015505210478,8.05795670873771,18.2208671582886,0.4422378275817777,1.0,0.24096385542168675,0.1224645354649394,0.022482807978403185,0.5555555555555556,1
reference_alpha_AB,4.0,5.0,5.0,148,B,90,14,0.15555555555555556,108.04131438814355,128.55840317164632,10.046250682948548,18.973665961010276,0.529483901718992,1.0,0.15555555555555556,0.022482807978403185,0.1224645354649394,0.5555555555555556,1
reference_alpha_AB,4.0,5.0,5.0,149,A,82,26,0.3170731707317073,104.17745357462026,118.84985482752126,8.021003760740717,18.110770276274835,0.4428858429753403,1.0,0.3170731707317073,0.16505550173111327,0.021171325099951233,0.5555555555555556,1
reference_alpha_AB,4.0,5.0,5.0,149,B,90,13,0.14444444444444443,108.70342000146944,129.27689328805246,10.03833371335879,18.973665961010276,0.5290666407844933,1.0,0.14444444444444443,0.021171325099951233,0.16505550173111327,0.5555555555555556,1
reference_alpha_AB,4.0,5.0,5.0,150,A,82,43,0.524390243902439,104.83760024032551,119.53177866233402,8.02500825313116,18.110770276274835,0.4431069540782562,1.0,0.524390243902439,0.2643652205653406,0.012770183464776541,0.5555555555555556,1
reference_alpha_AB,4.0,5.0,5.0,150,B,88,8,0.09090909090909091,109.31351910885422,130.18212212131755,10.034499774166685,18.76166303929372,0.5348406350306371,1.0,0.09090909090909091,0.012770183464776541,0.2643652205653406,0.5555555555555556,1
reference_alpha_AB,4.0,5.0,5.0,151,A,82,28,0.34146341463414637,105.50746801282114,120.20686986665073,8.040821422052948,18.110770276274835,0.4439800902663124,1.0,0.34146341463414637,0.17759470086250506,0.02465397349683951,0.5555555555555556,1
reference_alpha_AB,4.0,5.0,5.0,151,B,88,16,0.18181818181818182,110.11830329993109,130.7144190821738,9.995292442329179,18.76166303929372,0.5327508772220999,1.0,0.18181818181818182,0.02465397349683951,0.17759470086250506,0.5555555555555556,1
reference_alpha_AB,4.0,5.0,5.0,152,A,82,27,0.32926829268292684,106.19924030548171,120.84571008642395,8.029614930326593,18.110770276274835,0.4433613152746691,1.0,0.32926829268292684,0.17247691076393679,0.011006045137924692,0.5555555555555556,1
reference_alpha_AB,4.0,5.0,5.0,152,B,88,7,0.07954545454545454,110.91195001388445,131.3045050581024,9.943590371502351,18.76166303929372,0.5299951475877629,1.0,0.07954545454545454,0.011006045137924692,0.17247691076393679,0.5555555555555556,1
reference_alpha_AB,4.0,5.0,5.0,153,A,82,25,0.3048780487804878,106.88418886867665,121.50759492711258,8.036265315249956,18.110770276274835,0.4437285213527052,1.0,0.3048780487804878,0.16354544772085944,0.01750172726981425,0.5555555555555556,1
reference_alpha_AB,4.0,5.0,5.0,153,B,87,11,0.12643678160919541,111.86580177620958,131.7935387132884,9.927009307650318,18.65475810617763,0.5321435556091682,1.0,0.12643678160919541,0.01750172726981425,0.16354544772085944,0.5555555555555556,1
reference_alpha_AB,4.0,5.0,5.0,154,A,81,43,0.5308641975308642,107.48380882040034,122.0215581895131,7.933304152276512,18.0,0.4407391195709173,1.0,0.5308641975308642,0.2995002226332074,0.01277770211442708,0.5555555555555556,1
reference_alpha_AB,4.0,5.0,5.0,154,B,87,8,0.09195402298850575,112.59865414441863,132.45330441774965,9.901852553984169,18.65475810617763,0.530795012062103,1.0,0.09195402298850575,0.01277770211442708,0.2995002226332074,0.5555555555555556,1
reference_alpha_AB,4.0,5.0,5.0,155,A,81,23,0.2839506172839506,108.1948276829909,122.65375390324346,7.9424421812976105,18.0,0.44124678784986726,1.0,0.2839506172839506,0.1627968184010159,0.01248861095849485,0.5555555555555556,1
reference_alpha_AB,4.0,5.0,5.0,155,B,86,8,0.09302325581395349,113.44854687609295,133.06252636267234,9.89532418537348,18.547236990991408,0.5335201243279387,1.0,0.09302325581395349,0.01248861095849485,0.1627968184010159,0.5555555555555556,1
reference_alpha_AB,4.0,5.0,5.0,156,A,80,40,0.5,108.7771432092843,123.17863775079081,7.820004417500809,17.88854381999832,0.43715153654701133,1.0,0.5,0.2826717820890654,0.015465462618276526,0.5555555555555556,1
reference_alpha_AB,4.0,5.0,5.0,156,B,86,10,0.11627906976744186,114.19119386999486,133.67941305775227,9.86931684493883,18.547236990991408,0.5321179025065815,1.0,0.11627906976744186,0.015465462618276526,0.2826717820890654,0.5555555555555556,1
reference_alpha_AB,4.0,5.0,5.0,157,A,79,29,0.3670886075949367,109.3837081324314,123.76525502805445,7.791325844371177,17.776388834631177,0.43829632198371243,1.0,0.3670886075949367,0.19372717834327557,0.015467501744789947,0.5555555555555556,1
reference_alpha_AB,4.0,5.0,5.0,157,B,86,10,0.11627906976744186,115.01786897070292,134.21911510127939,9.830949853733754,18.547236990991408,0.530049292976024,1.0,0.11627906976744186,0.015467501744789947,0.19372717834327557,0.5555555555555556,1
reference_alpha_AB,4.0,5.0,5.0,158,A,79,42,0.5316455696202531,110.17078393109783,124.32820702550656,7.808542947280691,17.776388834631177,0.4392648596923371,1.0,0.5316455696202531,0.28676363977828,0.018267260709007527,0.5555555555555556,1
reference_alpha_AB,4.0,5.0,5.0,158,B,86,12,0.13953488372093023,115.81022010491756,134.77982107771464,9.808572000583885,18.547236990991408,0.5288427599942791,1.0,0.13953488372093023,0.018267260709007527,0.28676363977828,0.5555555555555556,1
reference_alpha_AB,4.0,5.0,5.0,159,A,79,30,0.379746835443038,110.87363300375571,124.95672887568874,7.808157965334054,17.776388834631177,0.43924320276582524,1.0,0.379746835443038,0.20660161861063142,0.011915237086820518,0.5555555555555556,1
reference_alpha_AB,4.0,5.0,5.0,159,B,86,8,0.09302325581395349,116.46058150579812,135.49629297490708,9.796631744646767,18.547236990991408,0.52819898453905,1.0,0.09302325581395349,0.011915237086820518,0.20660161861063142,0.5555555555555556,1
reference_alpha_AB,4.0,5.0,5.0,160,A,78,28,0.358974358974359,111.61003307513023,125.43441562510641,7.799842864327271,17.663521732655695,0.4415791472607185,1.0,0.358974358974359,0.19701080200637366,0.013657116396431523,0.5555555555555556,1
reference_alpha_AB,4.0,5.0,5.0,160,B,86,9,0.10465116279069768,117.27025270059698,136.03143296994165,9.760321065576584,18.547236990991408,0.526241243928531,1.0,0.10465116279069768,0.013657116396431523,0.19701080200637366,0.5555555555555556,1
reference_alpha_AB,4.0,5.0,5.0,161,A,78,43,0.5512820512820513,112.36422205958866,126.01683310920126,7.788687699309187,17.663521732655695,0.440947610402615,1.0,0.5512820512820513,0.30691862549604043,0.015002273286440437,0.5555555555555556,1
reference_alpha_AB,4.0,5.0,5.0,161,B,86,10,0.11627906976744186,118.03027055191083,136.65514657997915,9.741672943235164,18.547236990991408,0.5252358045549749,1.0,0.11627906976744186,0.015002273286440437,0.30691862549604043,0.5555555555555556,1
reference_alpha_AB,4.0,5.0,5.0,162,A,78,29,0.3717948717948718,113.089134965164,126.62856178865614,7.785520933119223,17.663521732655695,0.4407683275711449,1.0,0.3717948717948718,0.2048197410481687,0.0160872076961035,0.5555555555555556,1
reference_alpha_AB,4.0,5.0,5.0,162,B,85,11,0.12941176470588237,118.7500614381004,137.42595979680087,9.738511238211185,18.439088914585774,0.5281449253443201,1.0,0.12941176470588237,0.0160872076961035,0.2048197410481687,0.5555555555555556,1
reference_alpha_AB,4.0,5.0,5.0,163,A,77,13,0.16883116883116883,113.75363698130437,127.10638037320975,7.694684923814945,17.549928774784245,0.4384453647966182,1.0,0.16883116883116883,0.10115651579063967,0.013189670746569293,0.5555555555555556,1
reference_alpha_AB,4.0,5.0,5.0,163,B,85,9,0.10588235294117647,119.6403474551547,137.80726968968358,9.702504800860158,18.439088914585774,0.5261922021095758,1.0,0.10588235294117647,0.013189670746569293,0.10115651579063967,0.5555555555555556,1
reference_alpha_AB,4.0,5.0,5.0,164,A,75,13,0.17333333333333334,114.41820829295966,127.55412725806224,7.57949523438585,17.320508075688775,0.43760236138941555,1.0,0.17333333333333334,0.10115660780369196,0.008910378774661054,0.5555555555555556,1
reference_alpha_AB,4.0,5.0,5.0,164,B,85,6,0.07058823529411765,120.29176626436136,138.53904645340353,9.673541357377731,18.439088914585774,0.524621438845914,1.0,0.07058823529411765,0.008910378774661054,0.10115660780369196,0.5555555555555556,1
reference_alpha_AB,4.0,5.0,5.0,165,A,75,36,0.48,115.1211610531721,128.2158848927201,7.587383605741111,17.320508075688775,0.4380577967219583,1.0,0.48,0.28192630100030946,0.0058693151422443135,0.5555555555555556,1
reference_alpha_AB,4.0,5.0,5.0,165,B,85,4,0.047058823529411764,120.95586246725883,139.25838888336355,9.628832594628593,18.439088914585774,0.5221967657529949,1.0,0.047058823529411764,0.0058693151422443135,0.28192630100030946,0.5555555555555556,1
reference_alpha_AB,4.0,5.0,5.0,166,A,75,31,0.41333333333333333,115.81124906847501,128.8786803302053,7.571805206567222,17.320508075688775,0.43715837742629954,1.0,0.41333333333333333,0.23346346038498167,0.02309093429025022,0.5555555555555556,1
reference_alpha_AB,4.0,5.0,5.0,166,B,85,16,0.18823529411764706,121.51147510748359,140.05742032719652,9.627492566641461,18.439088914585774,0.5221240925318104,1.0,0.18823529411764706,0.02309093429025022,0.23346346038498167,0.5555555555555556,1
reference_alpha_AB,4.0,5.0,5.0,167,A,74,29,0.3918918918918919,116.36930903223087,129.40282571223744,7.398020681360215,17.204650534085253,0.430001217793033,1.0,0.3918918918918919,0.2232206619940078,0.008739623534937846,0.5555555555555556,1
reference_alpha_AB,4.0,5.0,5.0,167,B,85,6,0.07058823529411765,122.31039224476008,140.59344561889702,9.603796196761467,18.439088914585774,0.5208389764401334,1.0,0.07058823529411765,0.008739623534937846,0.2232206619940078,0.5555555555555556,1
reference_alpha_AB,4.0,5.0,5.0,168,A,74,29,0.3918918918918919,117.0766199694538,130.04973849058513,7.411932601440159,17.204650534085253,0.4308098317228761,1.0,0.3918918918918919,0.22240876833272827,0.014407228583257603,0.5555555555555556,1
reference_alpha_AB,4.0,5.0,5.0,168,B,85,10,0.11764705882352941,123.0415767709227,141.2348541708176,9.60521612409017,18.439088914585774,0.5209159828115046,1.0,0.11764705882352941,0.014407228583257603,0.22240876833272827,0.5555555555555556,1
reference_alpha_AB,4.0,5.0,5.0,169,A,74,29,0.3918918918918919,117.77624134263866,130.70779828286194,7.411421243934255,17.204650534085253,0.4307801096715685,1.0,0.3918918918918919,0.22131502888423693,0.01713051560094958,0.5555555555555556,1
reference_alpha_AB,4.0,5.0,5.0,169,B,85,12,0.1411764705882353,123.68117939143858,141.96028558352904,9.600924886386608,18.439088914585774,0.5206832577715941,1.0,0.1411764705882353,0.01713051560094958,0.22131502888423693,0.5555555555555556,1
reference_alpha_AB,4.0,5.0,5.0,170,A,74,16,0.21621621621621623,118.48516281432254,131.35335986284937,7.425905033120842,17.204650534085253,0.4316219628180705,1.0,0.21621621621621623,0.12178318365071927,0.009909178550321474,0.5555555555555556,1
reference_alpha_AB,4.0,5.0,5.0,170,B,85,7,0.08235294117647059,124.43860189218887,142.55219531857034,9.598615739472335,18.439088914585774,0.5205580266972731,1.0,0.08235294117647059,0.009909178550321474,0.12178318365071927,0.5555555555555556,1
reference_alpha_AB,4.0,5.0,5.0,171,A,74,25,0.33783783783783783,119.19106927994683,132.01757063078915,7.442195927412308,17.204650534085253,0.43256885181527455,1.0,0.33783783783783783,0.19200913815727416,0.008603351261978864,0.5555555555555556,1
reference_alpha_AB,4.0,5.0,5.0,171,B,85,6,0.07058823529411765,125.11357041729282,143.25048028951136,9.595982812256992,18.439088914585774,0.5204152361707163,1.0,0.07058823529411765,0.008603351261978864,0.19200913815727416,0.5555555555555556,1
reference_alpha_AB,4.0,5.0,5.0,172,A,74,15,0.20270270270270271,119.92149576185275,132.65281547916578,7.465068208154693,17.204650534085253,0.43389827612976856,1.0,0.20270270270270271,0.11500207683604158,0.011309260301715418,0.5555555555555556,1
reference_alpha_AB,4.0,5.0,5.0,172,B,85,8,0.09411764705882353,125.85676184558609,143.87011334441493,9.582913389683872,18.439088914585774,0.5197064472151632,1.0,0.09411764705882353,0.011309260301715418,0.11500207683604158,0.5555555555555556,1
reference_alpha_AB,4.0,5.0,5.0,173,A,74,29,0.3918918918918919,120.57748348947115,133.34048364587576,7.476032394943885,17.204650534085253,0.4345355565422634,1.0,0.3918918918918919,0.2181693792369903,0.011226895481085797,0.5555555555555556,1
reference_alpha_AB,4.0,5.0,5.0,173,B,85,8,0.09411764705882353,126.5219476368086,144.58866000715764,9.572564795053303,18.439088914585774,0.5191452158724159,1.0,0.09411764705882353,0.011226895481085797,0.2181693792369903,0.5555555555555556,1
reference_alpha_AB,4.0,5.0,5.0,174,A,74,10,0.13513513513513514,121.2579731687688,134.02831366583862,7.504103958179468,17.204650534085253,0.4361671830132556,1.0,0.13513513513513514,0.07744690837415269,0.014007847615914115,0.5555555555555556,1
reference_alpha_AB,4.0,5.0,5.0,174,B,84,10,0.11904761904761904,127.37554734924429,145.20887976289163,9.577475348234874,18.33030277982336,0.5224941160697602,1.0,0.11904761904761904,0.014007847615914115,0.07744690837415269,0.5555555555555556,1
reference_alpha_AB,4.0,5.0,5.0,175,A,74,12,0.16216216216216217,121.95784531647254,134.68557125249237,7.5037878510354865,17.204650534085253,0.4361488096587166,1.0,0.16216216216216217,0.09188179930054396,0.008159800512697601,0.5555555555555556,1
reference_alpha_AB,4.0,5.0,5.0,175,B,84,6,0.07142857142857142,128.03624361064018,145.93574287855296,9.571431761949285,18.33030277982336,0.5221644114075851,1.0,0.07142857142857142,0.008159800512697601,0.09188179930054396,0.5555555555555556,1
reference_alpha_AB,4.0,5.0,5.0,176,A,74,12,0.16216216216216217,122.6856493733968,135.31964190959894,7.510137824071832,17.204650534085253,0.43651789434449767,1.0,0.16216216216216217,0.09042239569003274,0.008330374278023633,0.5555555555555556,1
reference_alpha_AB,4.0,5.0,5.0,176,B,84,6,0.07142857142857142,128.80360107956878,146.53792455385712,9.561591787786632,18.33030277982336,0.5216275968071474,1.0,0.07142857142857142,0.008330374278023633,0.09042239569003274,0.5555555555555556,1
reference_alpha_AB,4.0,5.0,5.0,177,A,73,6,0.0821917808219178,123.30584275553241,135.88750245832946,7.480722947572027,17.08800749063506,0.4377761978201247,1.0,0.0821917808219178,0.04543515400365905,0.02176432227425107,0.5555555555555556,1
reference_alpha_AB,4.0,5.0,5.0,177,B,84,16,0.19047619047619047,129.53000580320463,147.18978579923464,9.54252984245148,18.33030277982336,0.5205876824334397,1.0,0.19047619047619047,0.02176432227425107,0.04543515400365905,0.5555555555555556,1
reference_alpha_AB,4.0,5.0,5.0,178,A,73,13,0.1780821917808219,124.03383260401091,136.51961513079337,7.479647712779936,17.08800749063506,0.43771327446333896,1.0,0.1780821917808219,0.09944729544010256,0.016327504619178534,0.5555555555555556,1
reference_alpha_AB,4.0,5.0,5.0,178,B,84,12,0.14285714285714285,130.41015643051304,147.61816601408196,9.523998203267366,18.33030277982336,0.5195766986320968,1.0,0.14285714285714285,0.016327504619178534,0.09944729544010256,0.5555555555555556,1
reference_alpha_AB,4.0,5.0,5.0,179,A,73,22,0.3013698630136986,124.77663191665857,137.12860490019463,7.467516119096071,17.08800749063506,0.43700332664230046,1.0,0.3013698630136986,0.1673949024042688,0.01633291329333475,0.5555555555555556,1
reference_alpha_AB,4.0,5.0,5.0,179,B,82,12,0.14634146341463414,131.2093631302298,148.31559582803987,9.567581427548067,18.110770276274835,0.5282813089447459,1.0,0.14634146341463414,0.01633291329333475,0.1673949024042688,0.5555555555555556,1
reference_alpha_AB,4.0,5.0,5.0,180,A,72,14,0.19444444444444445,125.44904373075525,137.60783588053866,7.40230189343386,16.97056274847714,0.43618482210309195,1.0,0.19444444444444445,0.11520963533163286,0.01073173991345866,0.5555555555555556,1
reference_alpha_AB,4.0,5.0,5.0,180,B,82,8,0.0975609756097561,132.02744921867577,148.8480889065878,9.541202639883048,18.110770276274835,0.5268247840558197,1.0,0.0975609756097561,0.01073173991345866,0.11520963533163286,0.5555555555555556,1
reference_alpha_AB,4.0,5.0,5.0,181,A,72,12,0.16666666666666666,126.16393520774538,138.25820649114314,7.391739149317581,16.97056274847714,0.43556240643704536,1.0,0.16666666666666666,0.10023432786770692,0.009481057317054842,0.5555555555555556,1
reference_alpha_AB,4.0,5.0,5.0,181,B,82,7,0.08536585365853659,132.8553450313158,149.34030529681365,9.540676781971795,18.110770276274835,0.5267957484100007,1.0,0.08536585365853659,0.009481057317054842,0.10023432786770692,0.5555555555555556,1
reference_alpha_AB,4.0,5.0,5.0,182,A,71,21,0.29577464788732394,126.81606100601675,138.66803063136828,7.23343500302602,16.852299546352718,0.429225399366434,1.0,0.29577464788732394,0.1792973547837029,0.032127285036023356,0.5555555555555556,1
reference_alpha_AB,4.0,5.0,5.0,182,B,82,24,0.2926829268292683,133.73999767974658,149.73543401802036,9.509577750380656,18.110770276274835,0.5250785916509709,1.0,0.2926829268292683,0.032127285036023356,0.1792973547837029,0.5555555555555556,1
reference_alpha_AB,4.0,5.0,5.0,183,A,71,11,0.15492957746478872,127.51319933445308,139.28059155715204,7.198329140592064,16.852299546352718,0.42714224968484926,1.0,0.15492957746478872,0.09482514023810273,0.012571746984131216,0.5555555555555556,1
reference_alpha_AB,4.0,5.0,5.0,183,B,82,9,0.10975609756097561,134.62269123547478,149.36058963560384,9.50565607563783,18.110770276274835,0.5248620533876612,1.0,0.10975609756097561,0.012571746984131216,0.09482514023810273,0.5555555555555556,1
reference_alpha_AB,4.0,5.0,5.0,184,A,70,18,0.2571428571428571,128.0147040963154,139.8950061173417,7.121969319088386,16.73320053068151,0.4256190742488115,1.0,0.2571428571428571,0.1500370066665423,0.00866178708281995,0.5555555555555556,1
reference_alpha_AB,4.0,5.0,5.0,184,B,81,6,0.07407407407407407,135.5870075893116,149.3712243839227,9.54729374501906,18.0,0.5304052080566144,1.0,0.07407407407407407,0.00866178708281995,0.1500370066665423,0.5555555555555556,1
reference_alpha_AB,4.0,5.0,5.0,185,A,70,9,0.12857142857142856,128.69462395071912,140.55922286879365,7.111719028777063,16.73320053068151,0.4250065022371077,1.0,0.12857142857142856,0.0765054839592123,0.019691810479716576,0.5555555555555556,1
reference_alpha_AB,4.0,5.0,5.0,185,B,81,14,0.1728395061728395,136.44692740255564,149.82573982495666,9.531866076753897,18.0,0.5295481153752165,1.0,0.1728395061728395,0.019691810479716576,0.0765054839592123,0.5555555555555556,1
reference_alpha_AB,4.0,5.0,5.0,186,A,69,17,0.2463768115942029,128.90784796466065,141.35242031833545,7.077009719620202,16.61324772583615,0.42598592619637915,1.0,0.2463768115942029,0.1455925669673861,0.011173510174807277,0.5555555555555556,1
reference_alpha_AB,4.0,5.0,5.0,186,B,81,8,0.09876543209876543,137.20167939985205,150.42257441976722,9.531821312019511,18.0,0.5295456284455284,1.0,0.09876543209876543,0.011173510174807277,0.1455925669673861,0.5555555555555556,1
reference_alpha_AB,4.0,5.0,5.0,187,A,69,25,0.36231884057971014,129.14830279599798,142.27650133970437,7.080822584221899,16.61324772583615,0.42621543367526704,1.0,0.36231884057971014,0.22005641458067537,0.021122526543877695,0.5555555555555556,1
reference_alpha_AB,4.0,5.0,5.0,187,B,81,15,0.18518518518518517,137.8046585094774,151.17927144911081,9.522754784620924,18.0,0.5290419324789402,1.0,0.18518518518518517,0.021122526543877695,0.22005641458067537,0.5555555555555556,1
reference_alpha_AB,4.0,5.0,5.0,188,A,69,17,0.2463768115942029,129.38244980618887,143.2109302180804,7.104510100511899,16.61324772583615,0.4276412546032944,1.0,0.2463768115942029,0.14851371630193844,0.015677318317953826,0.5555555555555556,1
reference_alpha_AB,4.0,5.0,5.0,188,B,81,11,0.13580246913580246,138.24088710373448,152.03844324052966,9.493201963042564,18.0,0.5274001090579202,1.0,0.13580246913580246,0.015677318317953826,0.14851371630193844,0.5555555555555556,1
reference_alpha_AB,4.0,5.0,5.0,189,A,69,17,0.2463768115942029,129.66604087239267,144.13779607531572,7.10499496005694,16.61324772583615,0.42767043971827273,1.0,0.2463768115942029,0.15144323303999363,0.014952340368678985,0.5555555555555556,1
reference_alpha_AB,4.0,5.0,5.0,189,B,81,11,0.13580246913580246,138.64049569508285,152.92967318122314,9.470946490163861,18.0,0.5261636938979923,1.0,0.13580246913580246,0.014952340368678985,0.15144323303999363,0.5555555555555556,1
reference_alpha_AB,4.0,5.0,5.0,190,A,69,20,0.2898550724637681,129.9827037099716,145.06094762119295,7.106137766469735,16.61324772583615,0.4277392285807308,1.0,0.2898550724637681,0.17991955691891115,0.018182045244944378,0.5555555555555556,1
reference_alpha_AB,4.0,5.0,5.0,190,B,81,13,0.16049382716049382,138.87263615498208,153.87647578914473,9.44354136274074,18.0,0.52464118681893,1.0,0.16049382716049382,0.018182045244944378,0.17991955691891115,0.5555555555555556,1
reference_alpha_AB,4.0,5.0,5.0,191,A,68,24,0.35294117647058826,130.07736251896998,145.85168347410269,6.973049157836575,16.492422502470642,0.42280320897624224,1.0,0.35294117647058826,0.1987079983017075,0.015677718082258374,0.5555555555555556,1
reference_alpha_AB,4.0,5.0,5.0,191,B,81,11,0.13580246913580246,139.1926387263832,154.79742732777018,9.432788331537395,18.0,0.524043796196522,1.0,0.13580246913580246,0.015677718082258374,0.1987079983017075,0.5555555555555556,1
reference_alpha_AB,4.0,5.0,5.0,192,A,68,15,0.22058823529411764,130.37234368857779,146.73683083974254,6.971795560986852,16.492422502470642,0.42272719850236945,1.0,0.22058823529411764,0.12098191533603841,0.020768070984799825,0.5555555555555556,1
reference_alpha_AB,4.0,5.0,5.0,192,B,81,15,0.18518518518518517,138.24992803220087,154.6683506941755,9.425161277369627,18.0,0.5236200709649793,1.0,0.18518518518518517,0.020768070984799825,0.12098191533603841,0.5555555555555556,1
reference_alpha_AB,4.0,5.0,5.0,193,A,68,27,0.39705882352941174,130.61709368716743,147.66053044624013,6.981928725910199,16.492422502470642,0.4233416118744395,1.0,0.39705882352941174,0.2161942737066107,0.02451139825038695,0.5555555555555556,1
reference_alpha_AB,4.0,5.0,5.0,193,B,80,17,0.2125,137.5983066350945,155.31015665761532,9.44967265562019,17.88854381999832,0.5282527605771926,1.0,0.2125,0.02451139825038695,0.2161942737066107,0.5555555555555556,1
reference_alpha_AB,4.0,5.0,5.0,194,A,67,17,0.2537313432835821,130.5352937495493,148.62072916947363,6.910857559252877,16.3707055437449,0.4221478140197478,1.0,0.2537313432835821,0.13652245886972503,0.01453589061205307,0.5555555555555556,1
reference_alpha_AB,4.0,5.0,5.0,194,B,80,10,0.125,137.30735719237228,156.24567571192122,9.426739243315541,17.88854381999832,0.5269707438554619,1.0,0.125,0.01453589061205307,0.13652245886972503,0.5555555555555556,1
reference_alpha_AB,4.0,5.0,5.0,195,A,67,9,0.13432835820895522,130.5581491631202,149.56050358564383,6.905255812421542,16.3707055437449,0.4218056328708434,1.0,0.13432835820895522,0.07107329206181368,0.02368582262795005,0.5555555555555556,1
reference_alpha_AB,4.0,5.0,5.0,195,B,80,16,0.2,137.27400913352324,157.2350396117622,9.410583602650517,17.88854381999832,0.5260676160867856,1.0,0.2,0.02368582262795005,0.07107329206181368,0.5555555555555556,1
reference_alpha_AB,4.0,5.0,5.0,196,A,67,16,0.23880597014925373,130.56763513657285,150.51302998023723,6.929557482610977,16.3707055437449,0.4232900936428301,1.0,0.23880597014925373,0.12226422627481426,0.03267323406074274,0.5555555555555556,1
reference_alpha_AB,4.0,5.0,5.0,196,B,80,22,0.275,137.30566978253927,158.21856486034787,9.397031986905478,17.88854381999832,0.5253100577365141,1.0,0.275,0.03267323406074274,0.12226422627481426,0.5555555555555556,1
reference_alpha_AB,4.0,5.0,5.0,197,A,67,27,0.40298507462686567,130.57265176076177,151.45933957526242,6.907066523532319,16.3707055437449,0.4219162396559901,1.0,0.40298507462686567,0.19763489655030353,0.025552350053990258,0.5555555555555556,1
reference_alpha_AB,4.0,5.0,5.0,197,B,80,17,0.2125,137.37547882400628,159.2098278894426,9.379816521052586,17.88854381999832,0.5243476839387292,1.0,0.2125,0.025552350053990258,0.19763489655030353,0.5555555555555556,1
reference_alpha_AB,4.0,5.0,5.0,198,A,67,22,0.3283582089552239,130.61579886312393,152.43124346746413,6.923963643053019,16.3707055437449,0.4229483955075231,1.0,0.3283582089552239,0.1666476790115734,0.02879066635534855,0.5555555555555556,1
reference_alpha_AB,4.0,5.0,5.0,198,B,80,19,0.2375,137.38263967855517,160.18432076189524,9.36861837688937,17.88854381999832,0.5237216886494593,1.0,0.2375,0.02879066635534855,0.1666476790115734,0.5555555555555556,1
reference_alpha_AB,4.0,5.0,5.0,199,A,66,26,0.3939393939393939,130.53148176659062,153.2467600735027,6.834051627303738,16.24807680927192,0.42060680211727614,1.0,0.3939393939393939,0.18502418505520468,0.03650209943454086,0.5555555555555556,1
reference_alpha_AB,4.0,5.0,5.0,199,B,80,24,0.3,137.45613833683237,161.1569148165397,9.354952808758977,17.88854381999832,0.5229577601671915,1.0,0.3,0.03650209943454086,0.18502418505520468,0.5555555555555556,1
reference_alpha_AB,4.0,5.0,5.0,200,A,65,31,0.47692307692307695,130.63683977410452,154.02803050149805,6.73137107186624,16.1245154965971,0.4174619121602024,1.0,0.47692307692307695,0.24361313958895559,0.0384004011911786,0.5555555555555556,1
reference_alpha_AB,4.0,5.0,5.0,200,B,78,26,0.3333333333333333,137.0192892077252,160.46731292303124,9.35487837534867,17.663521732655695,0.5296156970811603,1.0,0.3333333333333333,0.0384004011911786,0.24361313958895559,0.5555555555555556,1
