tick,cohesion_v1_A,cohesion_v1_B,cohesion_v2_A,cohesion_v2_B,enemy_collapse_v1_for_A,enemy_collapse_v1_for_B,enemy_collapse_v2_for_A,enemy_collapse_v2_for_B,alive_A,alive_B,pocket_count_A,pocket_count_B
1,1.0,1.0,0.04052646724512632,0.004912299060015335,0.0,0.0,0.9950877009399847,0.9594735327548737,100,100,0,0
2,0.04719313391179299,0.006578965726682002,0.11459010013644955,0.03546646368487416,0.993421034273318,0.952806866088207,0.9645335363151258,0.8854098998635505,100,100,0,0
3,0.12125676680311621,0.03713313035154083,0.10451055051479752,0.09097370819203632,0.9628668696484591,0.8787432331968837,0.9090262918079637,0.8954894494852025,100,100,0,0
4,0.11117721718146419,0.09264037485870298,0.10392656846123283,0.10003615362667806,0.907359625141297,0.8888227828185358,0.8999638463733219,0.8960734315387672,100,100,0,0
5,0.1105932351278995,0.10170282029334472,0.11167368052121873,0.10549680763485858,0.8982971797066552,0.8894067648721005,0.8945031923651414,0.8883263194787813,100,100,0,0
6,0.1183403471878854,0.10716347430152524,0.09945089422946096,0.07117340550700113,0.8928365256984747,0.8816596528121146,0.9288265944929989,0.900549105770539,100,100,0,1
7,0.10611756089612763,0.0728400721736678,0.10283836760341436,0.09918638773450428,0.9271599278263322,0.8938824391038723,0.9008136122654957,0.8971616323965856,100,100,1,1
8,0.10950503427008103,0.10085305440117094,0.12149735872763445,0.11196528547138129,0.899146945598829,0.8904949657299189,0.8880347145286187,0.8785026412723655,100,100,1,1
9,0.1281640253943011,0.11363195213804796,0.1329450940741035,0.08599438876615673,0.886368047861952,0.871835974605699,0.9140056112338433,0.8670549059258965,100,100,1,0
10,0.13961176074077014,0.08766105543282339,0.14611480372057573,0.11620995000945888,0.9123389445671766,0.8603882392592299,0.8837900499905411,0.8538851962794243,100,100,1,0
11,0.15278147038724238,0.11787661667612555,0.17448368793488234,0.13666320459172243,0.8821233833238744,0.8472185296127577,0.8633367954082776,0.8255163120651177,100,100,1,0
12,0.181150354601549,0.1383298712583891,0.1955336514493966,0.12147012401976265,0.8616701287416109,0.8188496453984511,0.8785298759802374,0.8044663485506034,100,100,1,0
13,0.20220031811606326,0.12313679068642931,0.2152402920364287,0.14542938191717658,0.8768632093135706,0.7977996818839368,0.8545706180828234,0.7847597079635713,100,100,1,0
14,0.22190695870309535,0.14709604858384326,0.22147685530410366,0.1260368299257858,0.8529039514161567,0.7780930412969047,0.8739631700742142,0.7785231446958963,100,100,1,0
15,0.2281435219707703,0.12770349659245248,0.25120770556598804,0.14739813617425135,0.8722965034075475,0.7718564780292296,0.8526018638257487,0.748792294434012,100,100,1,0
16,0.2578743722326547,0.14906480284091803,0.24909264650946994,0.1616988665115925,0.850935197159082,0.7421256277673454,0.8383011334884075,0.7509073534905301,100,100,1,0
17,0.2557593131761366,0.16336553317825916,0.2743781318820129,0.18978777432078753,0.8366344668217408,0.7442406868238634,0.8102122256792125,0.7256218681179871,100,100,1,0
18,0.28104479854867953,0.1914544409874542,0.3217803848377019,0.21109519210101713,0.8085455590125458,0.7189552014513205,0.7889048078989829,0.6782196151622981,100,100,1,0
19,0.32844705150436854,0.2127618587676838,0.3450714022133474,0.16056183897023102,0.7872381412323162,0.6715529484956315,0.839438161029769,0.6549285977866526,100,100,2,0
20,0.3517380688800141,0.1622285056368977,0.32537903569417403,0.19714144186614269,0.8377714943631023,0.648261931119986,0.8028585581338573,0.674620964305826,100,100,2,0
21,0.3320457023608407,0.19880810853280936,0.43438930966602574,0.20247229846031134,0.8011918914671906,0.6679542976391593,0.7975277015396887,0.5656106903339743,100,100,2,0
22,0.4410559763326924,0.20413896512697802,0.3810523292866964,0.2107388005138704,0.795861034873022,0.5589440236673076,0.7892611994861296,0.6189476707133036,100,100,2,0
23,0.38771899595336307,0.21240546718053707,0.37653505497430817,0.25779940817424807,0.7875945328194629,0.6122810040466369,0.7422005918257519,0.6234649450256918,100,100,2,0
24,0.3832017216409748,0.2594660748409147,0.44210004835838124,0.2776181721366522,0.7405339251590852,0.6167982783590251,0.7223818278633478,0.5578999516416188,100,100,2,0
25,0.4487667150250479,0.27928483880331884,0.4964610299692699,0.2914576493651305,0.7207151611966811,0.5512332849749522,0.7085423506348695,0.5035389700307301,100,100,2,0
26,0.5031276966359366,0.29312431603179717,0.432287041667629,0.27953063700598046,0.7068756839682029,0.4968723033640634,0.7204693629940195,0.567712958332371,100,100,3,0
27,0.43895370833429564,0.2811973036726471,0.41129800306727593,0.35785213270571936,0.7188026963273528,0.5610462916657044,0.6421478672942806,0.5887019969327241,100,100,3,0
28,0.4179646697339426,0.359518799372386,0.4063740484167022,0.33281846089528666,0.6404812006276139,0.5820353302660575,0.6671815391047133,0.5936259515832978,100,100,3,0
29,0.41304071508336887,0.3344851275619533,0.3249606948314758,0.4092604787786618,0.6655148724380466,0.5869592849166312,0.5907395212213382,0.6750393051685242,100,100,4,0
30,0.3316273614981425,0.41092714544532843,0.34991648346474225,0.33014072283516827,0.5890728545546715,0.6683726385018576,0.6698592771648317,0.6500835165352578,100,100,3,0
31,0.3565831501314089,0.3318073895018349,0.30599671964157527,0.3889941215731084,0.668192610498165,0.643416849868591,0.6110058784268916,0.6940032803584247,100,100,2,0
32,0.3126633863082419,0.39066078823977507,0.31407958971352345,0.32436193237286726,0.609339211760225,0.687336613691758,0.6756380676271327,0.6859204102864765,100,100,2,0
33,0.3207462563801901,0.3260285990395339,0.29385870934580427,0.40720836108433445,0.673971400960466,0.6792537436198098,0.5927916389156656,0.7061412906541957,100,100,2,0
34,0.3005253760124709,0.4088750277510011,0.27955377906338397,0.39236053545936067,0.5911249722489988,0.6994746239875291,0.6076394645406393,0.720446220936616,100,100,3,1
35,0.2862204457300506,0.3940272021260273,0.23455913748482216,0.4017689547103027,0.6059727978739726,0.7137795542699494,0.5982310452896973,0.7654408625151778,100,100,3,1
36,0.2412258041514888,0.40343562137696937,0.239820079681192,0.34306299622676906,0.5965643786230306,0.7587741958485112,0.6569370037732309,0.760179920318808,100,100,3,1
37,0.24648674634785867,0.3447296628934357,0.23844443940726356,0.3494247433108604,0.6552703371065642,0.7535132536521414,0.6505752566891396,0.7615555605927364,100,100,3,1
38,0.24511110607393022,0.351091409977527,0.22058088226046646,0.3577856334408529,0.6489085900224729,0.7548888939260698,0.6422143665591471,0.7794191177395335,100,100,3,1
39,0.22724754892713311,0.35945230010751955,0.1940210311454732,0.3604105695911106,0.6405476998924804,0.7727524510728669,0.6395894304088894,0.8059789688545268,100,100,3,1
40,0.20068769781213985,0.36207723625777727,0.19341968594700631,0.262079548844913,0.6379227637422227,0.7993123021878601,0.737920451155087,0.8065803140529937,100,100,3,2
41,0.20008635261367297,0.2637462155115797,0.1788175979809301,0.27177080771416595,0.7362537844884203,0.7999136473863271,0.728229192285834,0.8211824020190699,100,100,3,2
42,0.18548426464759676,0.2734374743808326,0.17531756736176995,0.2519154630066447,0.7265625256191675,0.8145157353524033,0.7480845369933553,0.82468243263823,100,100,3,2
43,0.1819842340284366,0.25358212967331134,0.16292113150364973,0.2364222834191676,0.7464178703266886,0.8180157659715634,0.7635777165808324,0.8370788684963503,100,100,4,2
44,0.16958779817031638,0.23808895008583428,0.15335014839612282,0.26110388688954145,0.7619110499141657,0.8304122018296836,0.7388961131104586,0.8466498516038772,100,100,4,3
45,0.16001681506278947,0.2627705535562081,0.1432012702091081,0.2403410223132052,0.7372294464437918,0.8399831849372106,0.7596589776867948,0.8567987297908919,100,100,4,3
46,0.14986793687577477,0.24200768897987188,0.14742369662195398,0.23989335017661473,0.7579923110201281,0.8501320631242253,0.7601066498233853,0.852576303378046,100,100,4,3
47,0.15409036328862064,0.2415600168432814,0.15338531597458005,0.2568711051667867,0.7584399831567186,0.8459096367113794,0.7431288948332133,0.84661468402542,100,100,4,3
48,0.1600519826412467,0.25853777183345333,0.136719472081005,0.22300576475817446,0.7414622281665466,0.8399480173587532,0.7769942352418255,0.863280527918995,100,100,4,3
49,0.14338613874767164,0.22467243142484114,0.13440643216944592,0.198002454379403,0.7753275685751588,0.8566138612523284,0.801997545620597,0.8655935678305541,100,100,4,3
50,0.14107309883611258,0.19966912104606968,0.11962958320353545,0.20490842839835532,0.8003308789539303,0.8589269011638874,0.7950915716016447,0.8803704167964645,100,100,4,3
51,0.1262962498702021,0.206575095065022,0.1235286345022023,0.18879937376714895,0.793424904934978,0.873703750129798,0.811200626232851,0.8764713654977977,100,100,4,3
52,0.13019530116886896,0.19046604043381563,0.12195890902022322,0.1721603876581158,0.8095339595661843,0.869804698831131,0.8278396123418842,0.8780410909797768,100,100,4,3
53,0.12862557568688987,0.1738270543247825,0.1180910537981289,0.19069467448908584,0.8261729456752175,0.8713744243131101,0.8093053255109142,0.8819089462018711,100,100,5,3
54,0.12475772046479557,0.1923613411557525,0.1119959550804267,0.16563285395064542,0.8076386588442475,0.8752422795352044,0.8343671460493546,0.8880040449195733,100,100,5,3
55,0.11866262174709337,0.1672995206173121,0.11588272167388869,0.1760372744721952,0.8327004793826879,0.8813373782529066,0.8239627255278048,0.8841172783261113,100,100,5,3
56,0.12254938834055536,0.17770394113886187,0.10687802897944987,0.16308164680164883,0.8222960588611381,0.8774506116594446,0.8369183531983512,0.8931219710205501,100,100,5,3
57,0.11354469564611654,0.1647483134683155,0.10486732816977296,0.16284941890661542,0.8352516865316845,0.8864553043538834,0.8371505810933846,0.895132671830227,100,100,5,3
58,0.11153399483643962,0.1645160855732821,0.10556238468315182,0.17500851189117483,0.8354839144267179,0.8884660051635603,0.8249914881088252,0.8944376153168482,100,100,5,4
59,0.11222905134981849,0.1766751785578415,0.10330197561802845,0.13880520371193672,0.8233248214421585,0.8877709486501815,0.8611947962880633,0.8966980243819715,100,100,5,4
60,0.10996864228469512,0.1404718703786034,0.09942529182360171,0.15817725157498908,0.8595281296213966,0.8900313577153048,0.8418227484250109,0.9005747081763983,100,100,5,4
61,0.10609195849026838,0.15984391824165575,0.0943360160425395,0.13298803122040126,0.8401560817583442,0.8939080415097316,0.8670119687795987,0.9056639839574605,100,100,5,4
62,0.10100268270920616,0.13465469788706794,0.09465359595860401,0.13599214594969644,0.865345302112932,0.8989973172907938,0.8640078540503036,0.905346404041396,100,100,5,4
63,0.10132026262527068,0.13765881261636312,0.087293120974278,0.13791939783681362,0.8623411873836369,0.8986797373747293,0.8620806021631864,0.912706879025722,100,100,5,5
64,0.09395978764094466,0.1395860645034803,0.0885784265020455,0.13365365435170318,0.8604139354965197,0.9060402123590553,0.8663463456482968,0.9114215734979545,100,100,5,5
65,0.09524509316871217,0.13532032101836985,0.0834685076464744,0.13001966776086848,0.8646796789816301,0.9047549068312878,0.8699803322391315,0.9165314923535256,100,100,5,5
66,0.09013517431314107,0.13168633442753516,0.08162461006267385,0.13252476216859232,0.8683136655724648,0.9098648256868589,0.8674752378314077,0.9183753899373261,100,100,5,5
67,0.08829127672934052,0.134191428835259,0.08338454446131816,0.12035772749294871,0.865808571164741,0.9117087232706594,0.8796422725070513,0.9166154555386818,100,100,5,5
68,0.09005121112798482,0.12202439415961537,0.08261451144371712,0.11901023496077978,0.8779756058403846,0.9099487888720151,0.8809897650392202,0.9173854885562829,100,100,5,5
69,0.08928117811038379,0.12067690162744645,0.07916184263190407,0.12471169664345105,0.8793230983725535,0.9107188218896162,0.875288303356549,0.9208381573680959,100,100,5,5
70,0.08582850929857073,0.12637836331011773,0.07622056230048868,0.11626621897689515,0.8736216366898822,0.9141714907014292,0.8837337810231048,0.9237794376995113,100,100,5,5
71,0.08288722896715535,0.11793288564356182,0.0749523495679787,0.10837807842119629,0.8820671143564381,0.9171127710328446,0.8916219215788037,0.9250476504320213,100,100,5,5
72,0.08161901623464536,0.11004474508786295,0.0734535537227341,0.11450504654882687,0.889955254912137,0.9183809837653546,0.8854949534511731,0.9265464462772659,100,100,5,5
73,0.08012022038940077,0.11617171321549354,0.06973874983966821,0.1067050681277879,0.8838282867845064,0.9198797796105992,0.8932949318722121,0.9302612501603318,100,100,5,5
74,0.07640541650633488,0.10837173479445457,0.07417170643341431,0.10194388382680653,0.8916282652055454,0.9235945834936651,0.8980561161731935,0.9258282935665857,100,100,5,5
75,0.08083837310008098,0.10361055049347319,0.07495252225671944,0.10356862885298335,0.8963894495065268,0.919161626899919,0.8964313711470167,0.9250474777432806,100,100,5,5
76,0.08161918892338611,0.10523529551965001,0.07514599881760164,0.12471159036283996,0.89476470448035,0.9183808110766138,0.87528840963716,0.9248540011823984,100,100,5,5
77,0.08181266548426831,0.12637825702950664,0.07061289643103597,0.10720088857333832,0.8736217429704933,0.9181873345157316,0.8927991114266617,0.929387103568964,100,100,5,5
78,0.07727956309770263,0.10886755524000498,0.07239157307653044,0.09793551871599315,0.891132444759995,0.9227204369022973,0.9020644812840068,0.9276084269234696,100,100,5,5
79,0.0790582397431971,0.09960218538265982,0.07535436089479075,0.11534441939334128,0.9003978146173401,0.9209417602568029,0.8846555806066587,0.9246456391052092,100,100,5,5
80,0.08202102756145742,0.11701108606000794,0.07088817697488436,0.11022654454915237,0.882988913939992,0.9179789724385425,0.8897734554508476,0.9291118230251156,100,100,5,5
81,0.07755484364155103,0.11189321121581904,0.07142584801912621,0.10958675818440933,0.8881067887841809,0.9224451563584489,0.8904132418155907,0.9285741519808738,100,100,5,5
82,0.07809251468579288,0.11125342485107599,0.07189875163651527,0.11379010055628547,0.888746575148924,0.9219074853142071,0.8862098994437145,0.9281012483634847,100,100,5,5
83,0.07856541830318194,0.11545676722295213,0.07211654656170619,0.10410774537377321,0.8845432327770478,0.921434581696818,0.8958922546262268,0.9278834534382938,100,100,5,5
84,0.07878321322837285,0.10577441204043987,0.07170055885382443,0.0971057849104765,0.8942255879595601,0.9212167867716271,0.9028942150895235,0.9282994411461756,100,100,5,5
85,0.0783672255204911,0.09877245157714316,0.07335362803279,0.08893139345480983,0.9012275484228568,0.9216327744795089,0.9110686065451902,0.92664637196721,100,100,5,5
86,0.08002029469945666,0.09059806012147649,0.07045046886636364,0.09116067280563211,0.9094019398785235,0.9199797053005433,0.9088393271943679,0.9295495311336364,100,100,5,5
87,0.0771171355330303,0.09282733947229878,0.07653405046076389,0.08733904373163226,0.9071726605277012,0.9228828644669697,0.9126609562683677,0.9234659495392361,100,100,5,5
88,0.08320071712743056,0.08900571039829892,0.07437709628134359,0.09504113357942645,0.910994289601701,0.9167992828725694,0.9049588664205735,0.9256229037186564,100,100,5,5
89,0.08104376294801026,0.09670780024609311,0.07707967123625481,0.09540576061078943,0.9032921997539068,0.9189562370519897,0.9045942393892106,0.9229203287637452,100,100,5,5
90,0.08374633790292148,0.09707242727745609,0.07653657344013165,0.08738927937254892,0.9029275727225439,0.9162536620970785,0.9126107206274511,0.9234634265598684,100,100,5,5
91,0.08320324010679832,0.08905594603921559,0.07848211808056282,0.08349325611170211,0.9109440539607844,0.9167967598932016,0.9165067438882979,0.9215178819194372,100,100,5,5
92,0.08514878474722949,0.08515992277836877,0.08051908745425285,0.09414712376078649,0.9148400772216312,0.9148512152527705,0.9058528762392135,0.9194809125457472,100,100,5,5
93,0.08718575412091951,0.09581379042745315,0.07913308154451104,0.08967410877830284,0.9041862095725468,0.9128142458790804,0.9103258912216972,0.920866918455489,100,100,5,5
94,0.08579974821117771,0.0913407754449695,0.07720563484036747,0.09455805048504262,0.9086592245550305,0.9142002517888222,0.9054419495149574,0.9227943651596325,100,100,5,5
95,0.08387230150703413,0.09622471715170929,0.07753684240840153,0.09184923355397223,0.9037752828482907,0.9161276984929658,0.9081507664460278,0.9224631575915985,100,100,5,5
96,0.0842035090750682,0.0935159002206389,0.07801629973939228,0.09499989708445644,0.9064840997793611,0.9157964909249318,0.9050001029155436,0.9219837002606077,100,100,5,5
97,0.08468296640605895,0.0966665637511231,0.07600120965073465,0.08969726432867198,0.9033334362488769,0.915317033593941,0.910302735671328,0.9239987903492654,100,100,5,5
98,0.08266787631740131,0.09136393099533864,0.07419910247426964,0.09921402271432167,0.9086360690046613,0.9173321236825986,0.9007859772856783,0.9258008975257304,100,100,5,5
99,0.08086576914093631,0.10088068938098833,0.07423953905585468,0.09744843040128204,0.8991193106190116,0.9191342308590637,0.902551569598718,0.9257604609441453,100,100,5,5
100,0.08090620572252134,0.0991150970679487,0.07233163827800304,0.10119840112005563,0.9008849029320513,0.9190937942774786,0.8988015988799444,0.927668361721997,100,100,5,5
101,0.07899830494466971,0.10286506778672229,0.0713910974134403,0.08434657535495083,0.8971349322132777,0.9210016950553302,0.9156534246450492,0.9286089025865597,100,100,5,5
102,0.07805776408010696,0.08601324202161749,0.07179892470714899,0.08343130715474922,0.9139867579783825,0.921942235919893,0.9165686928452508,0.928201075292851,100,100,5,5
103,0.07846559137381566,0.08509797382141589,0.07608817765891973,0.09810643417330323,0.9149020261785841,0.9215344086261843,0.9018935658266968,0.9239118223410803,100,100,5,5
104,0.0827548443255864,0.09977310083996989,0.07459559396751181,0.08945896123562735,0.9002268991600301,0.9172451556744136,0.9105410387643726,0.9254044060324882,100,100,5,5
105,0.08126226063417848,0.09112562790229402,0.07331793983334367,0.09450929928586083,0.9088743720977059,0.9187377393658215,0.9054907007141392,0.9266820601666563,100,100,5,5
106,0.07998460650001034,0.09617596595252749,0.07678431348259418,0.0969004000528948,0.9038240340474725,0.9200153934999896,0.9030995999471052,0.9232156865174058,100,100,5,5
107,0.08345098014926085,0.09856706671956146,0.07503675907000629,0.09194742242153942,0.9014329332804385,0.9165490198507391,0.9080525775784606,0.9249632409299937,100,100,6,5
108,0.08170342573667295,0.09361408908820608,0.07702899548614595,0.10247690679374966,0.9063859109117939,0.918296574263327,0.8975230932062503,0.922971004513854,100,100,6,5
109,0.08369566215281261,0.10414357346041632,0.07465904461687556,0.08099447567924278,0.8958564265395836,0.9163043378471873,0.9190055243207572,0.9253409553831244,100,100,6,5
110,0.08132571128354223,0.08266114234590945,0.0741506434216378,0.09720694415392817,0.9173388576540905,0.9186742887164577,0.9027930558460718,0.9258493565783622,100,100,6,5
111,0.08081731008830446,0.09887361082059483,0.07395986427586976,0.1029473346598545,0.9011263891794051,0.9191826899116955,0.8970526653401455,0.9260401357241302,99,100,5,5
112,0.08062653094253643,0.10461400132652117,0.09715641836596378,0.10309944602625842,0.8953859986734788,0.9193734690574635,0.8969005539737416,0.9028435816340362,99,100,5,5
113,0.10382308503263045,0.10476611269292509,0.09729042027815826,0.09029870552497621,0.8952338873070749,0.8961769149673695,0.9097012944750238,0.9027095797218417,99,100,5,5
114,0.10395708694482493,0.09196537219164287,0.09830307950265582,0.08617430910954205,0.9080346278083571,0.896042913055175,0.913825690890458,0.9016969204973442,99,100,5,5
115,0.10496974616932249,0.08784097577620871,0.09501475429748163,0.08785413739272863,0.9121590242237912,0.8950302538306775,0.9121458626072714,0.9049852457025184,99,100,5,5
116,0.1016814209641483,0.08952080405939529,0.09803195490630556,0.0904037838077032,0.9104791959406047,0.8983185790358517,0.9095962161922968,0.9019680450936944,98,100,5,5
117,0.10469862157297223,0.09207045047436986,0.12918625831861286,0.07727520698808898,0.9079295495256301,0.8953013784270277,0.922724793011911,0.8708137416813871,98,100,5,5
118,0.1358529249852795,0.07894187365475565,0.1305203092991677,0.07539817144941696,0.9210581263452443,0.8641470750147204,0.924601828550583,0.8694796907008323,98,100,5,5
119,0.13718697596583435,0.07706483811608363,0.1299523479451582,0.08263691371876414,0.9229351618839163,0.8628130240341656,0.9173630862812359,0.8700476520548418,98,100,5,5
120,0.13661901461182485,0.0843035803854308,0.11745536718981286,0.08645623389232782,0.9156964196145692,0.8633809853881751,0.9135437661076722,0.8825446328101871,97,100,4,5
121,0.12412203385647953,0.08812290055899448,0.1638319135549341,0.08516592645565457,0.9118770994410055,0.8758779661435204,0.9148340735443454,0.8361680864450659,97,100,4,5
122,0.17049858022160075,0.08683259312232124,0.16461545380210219,0.0664649461021728,0.9131674068776787,0.8295014197783992,0.9335350538978272,0.8353845461978978,97,100,4,5
123,0.17128212046876884,0.06813161276883946,0.145994806039905,0.08393896535412582,0.9318683872311605,0.8287178795312311,0.9160610346458742,0.854005193960095,96,100,4,5
124,0.15266147270657165,0.08560563202079248,0.20792934959467624,0.08694094904441962,0.9143943679792075,0.8473385272934284,0.9130590509555804,0.7920706504053238,96,100,4,5
125,0.2145960162613429,0.08860761571108629,0.1832958228524031,0.08724009401677757,0.9113923842889137,0.785403983738657,0.9127599059832224,0.8167041771475969,96,100,4,5
126,0.18996248951906974,0.08890676068344423,0.1679440913760638,0.09634743727864448,0.9110932393165557,0.8100375104809303,0.9036525627213555,0.8320559086239362,95,100,3,5
127,0.17461075804273046,0.09801410394531114,0.21325540470667903,0.09806131185837397,0.9019858960546888,0.8253892419572695,0.901938688141626,0.786744595293321,95,100,3,5
128,0.21992207137334568,0.09972797852504063,0.19699971148890194,0.1124148589979288,0.9002720214749593,0.7800779286266544,0.8875851410020712,0.8030002885110981,94,99,3,5
129,0.2036663781555686,0.11408152566459547,0.27379088131937035,0.13558862865179155,0.8859184743354045,0.7963336218444315,0.8644113713482084,0.7262091186806297,94,99,3,5
130,0.280457547986037,0.13725529531845823,0.2420720793321922,0.10795166105971232,0.8627447046815417,0.719542452013963,0.8920483389402877,0.7579279206678078,94,99,3,5
131,0.24873874599885887,0.10961832772637899,0.20656072708655948,0.1302752717213833,0.890381672273621,0.7512612540011412,0.8697247282786167,0.7934392729134405,94,98,3,4
132,0.21322739375322614,0.13194193838805,0.2180096346091227,0.15310777252768326,0.86805806161195,0.7867726062467739,0.8468922274723167,0.7819903653908773,93,98,3,4
133,0.22467630127578936,0.15477443919434994,0.2621794871539733,0.1402451027345465,0.84522556080565,0.7753236987242107,0.8597548972654535,0.7378205128460267,93,98,3,4
134,0.26884615382064,0.14191176940121317,0.2581237283067064,0.156962190971646,0.8580882305987868,0.7311538461793601,0.843037809028354,0.7418762716932936,93,97,3,3
135,0.26479039497337303,0.15862885763831266,0.24345529697558765,0.1583843043429256,0.8413711423616873,0.735209605026627,0.8416156956570744,0.7565447030244123,93,97,3,3
136,0.2501219636422543,0.16005097100959229,0.2510211087528862,0.16449567264442067,0.8399490289904077,0.7498780363577457,0.8355043273555793,0.7489788912471138,93,97,3,4
137,0.25768777541955284,0.16616233931108734,0.23863739913203796,0.15296895904402263,0.8338376606889126,0.7423122245804472,0.8470310409559774,0.761362600867962,93,97,3,4
138,0.24530406579870462,0.1546356257106893,0.22830981946847362,0.1639494820962385,0.8453643742893107,0.7546959342012953,0.8360505179037615,0.7716901805315264,93,97,3,4
139,0.23497648613514027,0.16561614876290517,0.24341168797323953,0.1604678791575217,0.8343838512370948,0.7650235138648598,0.8395321208424783,0.7565883120267605,93,97,3,3
140,0.2500783546399062,0.16213454582418838,0.20806021066284486,0.18305499520075164,0.8378654541758116,0.7499216453600939,0.8169450047992484,0.7919397893371551,92,97,2,4
141,0.2147268773295115,0.1847216618674183,0.2393055905494592,0.15859073422480297,0.8152783381325817,0.7852731226704885,0.841409265775197,0.7606944094505408,91,96,3,4
142,0.24597225721612587,0.16025740089146964,0.22413572713546615,0.16217391236589718,0.8397425991085303,0.7540277427838742,0.8378260876341028,0.7758642728645339,91,96,2,4
143,0.2308023938021328,0.16384057903256385,0.205704377978302,0.1608353174111965,0.8361594209674361,0.7691976061978671,0.8391646825888035,0.794295622021698,91,96,3,5
144,0.21237104464496864,0.16250198407786318,0.18838234629457706,0.14365285253418347,0.8374980159221368,0.7876289553550313,0.8563471474658165,0.8116176537054229,91,96,3,4
145,0.19504901296124372,0.14531951920085015,0.2340338416858041,0.12863084935688918,0.8546804807991498,0.8049509870387563,0.8713691506431108,0.7659661583141959,90,96,3,4
146,0.24070050835247075,0.13029751602355585,0.18185355814137272,0.14353502168710142,0.8697024839764441,0.7592994916475293,0.8564649783128986,0.8181464418586273,90,94,3,3
147,0.18852022480803937,0.1452016883537681,0.1845678133421207,0.18661920243479835,0.8547983116462319,0.8114797751919607,0.8133807975652017,0.8154321866578793,90,93,3,3
148,0.19123448000878734,0.18828586910146503,0.2182151156792448,0.2019412058407074,0.811714130898535,0.8087655199912127,0.7980587941592926,0.7817848843207552,89,92,3,3
149,0.22488178234591144,0.20360787250737408,0.23631735220442018,0.1718108585472239,0.7963921274926259,0.7751182176540885,0.8281891414527761,0.7636826477955798,89,91,3,3
150,0.24298401887108684,0.17347752521389057,0.24356627110412554,0.1694886034099533,0.8265224747861094,0.7570159811289132,0.8305113965900467,0.7564337288958745,88,91,3,3
151,0.2502329377707922,0.17115527007662,0.20629606143866308,0.1785672884393329,0.82884472992338,0.7497670622292079,0.8214327115606671,0.7937039385613369,88,91,3,3
152,0.21296272810532973,0.18023395510599957,0.21151473788532382,0.1714948666406606,0.8197660448940004,0.7870372718946703,0.8285051333593394,0.7884852621146762,88,91,3,3
153,0.21818140455199048,0.17316153330732728,0.20378173252792287,0.19682717290251217,0.8268384666926727,0.7818185954480095,0.8031728270974878,0.7962182674720771,88,90,3,3
154,0.21044839919458952,0.19849383956917885,0.17873411700372166,0.19621247427059463,0.8015061604308211,0.7895516008054104,0.8037875257294054,0.8212658829962783,86,90,3,3
155,0.1854007836703883,0.1978791409372613,0.17003137863537565,0.22799341536259055,0.8021208590627387,0.8145992163296116,0.7720065846374095,0.8299686213646243,86,89,3,3
156,0.1766980453020423,0.22966008202925722,0.16309689137764516,0.1769640682218907,0.7703399179707427,0.8233019546979576,0.8230359317781093,0.8369031086223548,86,89,3,3
157,0.1697635580443118,0.17863073488855738,0.15910748502648908,0.17212279383026186,0.8213692651114426,0.8302364419556882,0.8278772061697381,0.8408925149735109,85,87,3,3
158,0.16577415169315574,0.17378946049692853,0.14518930512078787,0.17115982222253,0.8262105395030714,0.8342258483068443,0.82884017777747,0.8548106948792121,85,86,3,4
159,0.15185597178745452,0.1728264888891967,0.14569236647103678,0.17432326284084443,0.8271735111108033,0.8481440282125454,0.8256767371591556,0.8543076335289632,85,85,3,4
160,0.15235903313770344,0.1759899295075111,0.16029047017953768,0.22061433721841905,0.8240100704924889,0.8476409668622966,0.779385662781581,0.8397095298204623,84,85,3,4
161,0.16695713684620433,0.22228100388508573,0.16665685749035264,0.24655310926907237,0.7777189961149142,0.8330428631537956,0.7534468907309276,0.8333431425096474,83,84,2,4
162,0.1733235241570193,0.24821977593573902,0.16912366388270328,0.2230635089134736,0.751780224064261,0.8266764758429808,0.7769364910865264,0.8308763361172967,83,84,2,4
163,0.17579033054936993,0.22473017558014027,0.14646820037441777,0.20741370815156324,0.7752698244198597,0.82420966945063,0.7925862918484368,0.8535317996255822,83,83,2,4
164,0.15313486704108442,0.2090803748182299,0.15294258247339765,0.2122105322868164,0.7909196251817701,0.8468651329589156,0.7877894677131836,0.8470574175266024,83,83,2,4
165,0.1596092491400643,0.2138771989534831,0.1537221290906634,0.18281937516142022,0.7861228010465169,0.8403907508599358,0.8171806248385798,0.8462778709093366,83,82,2,5
166,0.16038879575733006,0.1844860418280869,0.17582067597726314,0.18729993491568986,0.8155139581719131,0.83961120424267,0.8127000650843101,0.8241793240227369,81,81,2,5
167,0.1824873426439298,0.18896660158235654,0.1398197224301706,0.19126725961783342,0.8110333984176434,0.8175126573560703,0.8087327403821666,0.8601802775698294,81,81,2,5
168,0.14648638909683726,0.1929339262845001,0.1430167757330726,0.1901800607843661,0.8070660737154999,0.8535136109031627,0.8098199392156339,0.8569832242669274,80,80,2,5
169,0.14968344239973924,0.1918467274510328,0.1275091087471839,0.18390988491921112,0.8081532725489672,0.8503165576002607,0.8160901150807889,0.8724908912528161,80,80,2,5
170,0.13417577541385056,0.1855765515858778,0.14172024400429784,0.14292577101923953,0.8144234484141222,0.8658242245861494,0.8570742289807605,0.8582797559957022,80,79,2,5
171,0.1483869106709645,0.1445924376859062,0.167184596631341,0.17952306655990546,0.8554075623140938,0.8516130893290355,0.8204769334400945,0.832815403368659,80,79,2,5
172,0.17385126329800765,0.18118973322657214,0.18207581570188358,0.1448903455328049,0.8188102667734278,0.8261487367019924,0.8551096544671951,0.8179241842981164,80,79,3,4
173,0.18874248236855024,0.14655701219947156,0.18429869026410273,0.1416551831029852,0.8534429878005284,0.8112575176314498,0.8583448168970148,0.8157013097358973,78,77,3,4
174,0.19096535693076938,0.14332184976965187,0.15647067042367224,0.11981198655598824,0.8566781502303481,0.8090346430692306,0.8801880134440118,0.8435293295763278,77,77,3,4
175,0.1631373370903389,0.1214786532226549,0.1414474299638393,0.1388108991524849,0.8785213467773451,0.8368626629096612,0.8611891008475151,0.8585525700361607,77,77,2,4
176,0.14811409663050595,0.14047756581915158,0.1256994378359364,0.12838108761235778,0.8595224341808484,0.8518859033694941,0.8716189123876422,0.8743005621640636,76,76,2,4
177,0.13236610450260305,0.13004775427902446,0.16817765197856605,0.09900559076492377,0.8699522457209755,0.867633895497397,0.9009944092350762,0.831822348021434,76,76,2,3
178,0.1748443186452327,0.10067225743159043,0.16299303719408398,0.0870041713278572,0.8993277425684095,0.8251556813547674,0.9129958286721428,0.837006962805916,75,76,2,3
179,0.16965970386075063,0.08867083799452387,0.19915991542024591,0.16802669081116006,0.9113291620054761,0.8303402961392494,0.8319733091888399,0.8008400845797541,75,75,2,3
180,0.20582658208691257,0.16969335747782674,0.2582694758812638,0.07453938854998277,0.8303066425221732,0.7941734179130875,0.9254606114500172,0.7417305241187362,74,75,2,3
181,0.26493614254793046,0.07620605521664943,0.19409867108721268,0.11175206869096,0.9237939447833505,0.7350638574520696,0.88824793130904,0.8059013289127873,74,74,2,3
182,0.20076533775387934,0.11341873535762666,0.1766115990421564,0.109476533520102,0.8865812646423733,0.7992346622461206,0.890523466479898,0.8233884009578436,73,74,2,3
183,0.18327826570882305,0.11114320018676867,0.19630460604698952,0.09385424478705717,0.8888567998132313,0.816721734291177,0.9061457552129428,0.8036953939530105,73,73,2,3
184,0.20297127271365617,0.09552091145372384,0.16601990222221175,0.09348371480458983,0.9044790885462761,0.7970287272863439,0.9065162851954102,0.8339800977777883,72,73,2,3
185,0.1726865688888784,0.0951503814712565,0.150846513917814,0.1814763558973217,0.9048496185287435,0.8273134311111217,0.8185236441026783,0.849153486082186,71,73,2,3
186,0.15751318058448066,0.18314302256398837,0.16542164638573364,0.06993852547827906,0.8168569774360116,0.8424868194155193,0.9300614745217209,0.8345783536142664,71,72,3,3
187,0.1720883130524003,0.07160519214494572,0.14470262567276704,0.10621103476100213,0.9283948078550542,0.8279116869475998,0.8937889652389979,0.855297374327233,70,72,3,3
188,0.1513692923394337,0.1078777014276688,0.1775120964017658,0.13928707052333023,0.8921222985723312,0.8486307076605664,0.8607129294766698,0.8224879035982342,68,71,3,3
189,0.18417876306843245,0.1409537371899969,0.14604120769556772,0.1378703968230076,0.8590462628100031,0.8158212369315676,0.8621296031769924,0.8539587923044323,68,69,2,3
190,0.15270787436223437,0.1395370634896743,0.1507933395756451,0.12675022798041957,0.8604629365103257,0.8472921256377657,0.8732497720195804,0.8492066604243549,68,69,2,3
191,0.15746000624231177,0.12841689464708625,0.17415408482818595,0.1313508465532076,0.8715831053529137,0.8425399937576883,0.8686491534467924,0.825845915171814,67,67,2,3
192,0.1808207514948526,0.1330175132198743,0.2007803765173265,0.06126241470026472,0.8669824867801257,0.8191792485051475,0.9387375852997353,0.7992196234826735,67,67,2,3
193,0.20744704318399315,0.06292908136693139,0.1662598035162367,0.09312810566651653,0.9370709186330686,0.7925529568160068,0.9068718943334835,0.8337401964837633,66,67,2,3
194,0.17292647018290336,0.09479477233318319,0.14180804631091415,0.05574902195157094,0.9052052276668168,0.8270735298170966,0.9442509780484291,0.8581919536890859,66,67,2,3
195,0.1484747129775808,0.05741568861823761,0.169342249539988,0.10505375544518614,0.9425843113817624,0.8515252870224193,0.8949462445548139,0.830657750460012,65,67,2,3
196,0.17600891620665465,0.1067204221118528,0.13097674608336163,0.11901451215392433,0.8932795778881472,0.8239910837933453,0.8809854878460757,0.8690232539166384,64,64,2,2
197,0.13764341275002828,0.120681178820591,0.17561641947863604,0.11975953162146391,0.879318821179409,0.8623565872499717,0.8802404683785361,0.824383580521364,64,63,2,2
198,0.1822830861453027,0.12142619828813057,0.14366775064273107,0.10539003916642564,0.8785738017118694,0.8177169138546974,0.8946099608335744,0.8563322493572689,64,63,2,2
199,0.15033441730939773,0.1070567058330923,0.18068528051398536,0.09708095294515495,0.8929432941669077,0.8496655826906023,0.902919047054845,0.8193147194860146,63,63,2,2
200,0.187351947180652,0.09874761961182162,0.15917831424281692,0.07107306277840442,0.9012523803881783,0.812648052819348,0.9289269372215956,0.8408216857571831,63,63,2,2
201,0.16584498090948357,0.07273972944507108,0.13405566482332243,0.08405048982095598,0.9272602705549289,0.8341550190905165,0.915949510179044,0.8659443351766776,63,63,2,2
202,0.14072233148998908,0.08571715648762264,0.16184309547068854,0.08246660844639442,0.9142828435123773,0.859277668510011,0.9175333915536056,0.8381569045293115,62,62,2,2
203,0.1685097621373552,0.08413327511306108,0.14398660141563424,0.06580615521716049,0.9158667248869389,0.8314902378626448,0.9341938447828395,0.8560133985843658,62,61,2,2
204,0.1506532680823009,0.06747282188382715,0.134733892373611,0.052482598501014444,0.9325271781161728,0.849346731917699,0.9475174014989856,0.865266107626389,61,61,2,2
205,0.14140055904027765,0.054149265167681114,0.14427396520271096,0.1182193183289878,0.9458507348323189,0.8585994409597224,0.8817806816710122,0.855726034797289,60,60,1,2
206,0.15094063186937762,0.11988598499565446,0.13064374573963777,0.1061340903463146,0.8801140150043455,0.8490593681306224,0.8938659096536854,0.8693562542603622,59,60,1,2
207,0.13731041240630443,0.10780075701298127,0.12967398695627286,0.08473469905825037,0.8921992429870187,0.8626895875936955,0.9152653009417496,0.8703260130437271,59,60,1,2
208,0.1363406536229395,0.08640136572491704,0.12813192212182112,0.07203892383344868,0.9135986342750829,0.8636593463770605,0.9279610761665513,0.8718680778781789,59,59,1,2
209,0.13479858878848777,0.07370559050011534,0.17861252197174693,0.0860458036276115,0.9262944094998846,0.8652014112115123,0.9139541963723885,0.8213874780282531,59,59,1,2
210,0.18527918863841358,0.08771247029427816,0.16563650166991506,0.056143738484312644,0.9122875297057218,0.8147208113615865,0.9438562615156874,0.8343634983300849,58,58,1,2
211,0.1723031683365817,0.057810405150979315,0.16568973658194674,0.07270425040935302,0.9421895948490207,0.8276968316634183,0.927295749590647,0.8343102634180533,57,58,1,2
212,0.1723564032486134,0.07437091707601969,0.1351666829305893,0.05974184559036555,0.9256290829239803,0.8276435967513867,0.9402581544096345,0.8648333170694107,56,58,1,2
213,0.14183334959725596,0.06140851225703222,0.12183620009184848,0.04760158030836381,0.9385914877429677,0.8581666504027441,0.9523984196916362,0.8781637999081515,56,57,1,2
214,0.12850286675851513,0.04926824697503048,0.12208331709706255,0.056425716452432106,0.9507317530249695,0.8714971332414849,0.9435742835475679,0.8779166829029375,55,56,1,2
215,0.1287499837637292,0.05809238311909878,0.10449361714821448,0.03639065104756933,0.9419076168809012,0.8712500162362709,0.9636093489524307,0.8955063828517855,54,55,1,2
216,0.11116028381488115,0.038057317714236004,0.14445856081119035,0.04142389824275272,0.961942682285764,0.8888397161851188,0.9585761017572473,0.8555414391888096,54,55,1,2
217,0.151125227477857,0.04309056490941939,0.11438266610038661,0.07373160096450637,0.9569094350905806,0.848874772522143,0.9262683990354936,0.8856173338996134,54,55,1,1
218,0.12104933276705328,0.07539826763117304,0.13728349870630674,0.06653090921894533,0.9246017323688269,0.8789506672329467,0.9334690907810547,0.8627165012936933,54,54,1,1
219,0.1439501653729734,0.068197575885612,0.1009844086620838,0.06436651669285165,0.931802424114388,0.8560498346270267,0.9356334833071484,0.8990155913379162,52,53,1,1
220,0.10765107532875047,0.06603318335951831,0.11627044010120058,0.05101827287521943,0.9339668166404816,0.8923489246712495,0.9489817271247806,0.8837295598987994,52,52,1,1
221,0.12293710676786725,0.0526849395418861,0.11734288112086144,0.05750166700924886,0.9473150604581139,0.8770628932321327,0.9424983329907511,0.8826571188791386,52,52,1,1
222,0.12400954778752811,0.05916833367591553,0.1081222823553234,0.04516892135366746,0.9408316663240844,0.8759904522124718,0.9548310786463325,0.8918777176446766,52,52,1,1
223,0.11478894902199006,0.04683558802033413,0.0893080382986734,0.08304815315651004,0.9531644119796658,0.8852110509780099,0.91695184684349,0.9106919617013266,52,51,1,1
224,0.09597470496534007,0.0847148198231767,0.12330863053390595,0.052518608672196376,0.9152851801768233,0.9040252950346599,0.9474813913278036,0.876691369466094,52,51,1,1
225,0.1299752972005726,0.05418527533886305,0.12290333514715235,0.06461668999670689,0.9458147246611369,0.8700247027994275,0.9353833100032931,0.8770966648528477,51,51,1,1
226,0.129570001813819,0.06628335666337355,0.1363028187769859,0.10275154886621685,0.9337166433366264,0.8704299981861809,0.8972484511337832,0.8636971812230141,51,51,1,1
227,0.14296948544365257,0.10441821553288351,0.07458549485563248,0.05108737847954814,0.8955817844671164,0.8570305145563475,0.9489126215204519,0.9254145051443675,49,51,1,1
228,0.08125216152229915,0.05275404514621481,0.09497198287720132,0.11616589674181421,0.9472459548537852,0.9187478384777008,0.8838341032581858,0.9050280171227987,49,51,1,1
229,0.10163864954386799,0.11783256340848088,0.11238737259990139,0.10675155119944735,0.8821674365915191,0.898361350456132,0.8932484488005527,0.8876126274000986,49,48,1,1
230,0.11905403926656806,0.10841821786611401,0.12092254817696313,0.05566580155840117,0.891581782133886,0.8809459607334319,0.9443341984415988,0.8790774518230369,48,48,1,0
231,0.12758921484362978,0.057332468225067844,0.09571623686534869,0.04724076212318751,0.9426675317749321,0.8724107851563703,0.9527592378768125,0.9042837631346513,48,48,1,0
232,0.10238290353201536,0.04890742878985418,0.04823718004463218,0.10219400569853376,0.9510925712101458,0.8976170964679846,0.8978059943014662,0.9517628199553678,48,48,1,0
233,0.054903846711298845,0.10386067236520043,0.10708410133065216,0.1277585283013798,0.8961393276347995,0.9450961532887011,0.8722414716986202,0.8929158986693478,48,47,1,0
234,0.11375076799731883,0.12942519496804647,0.1085436447750524,0.1135302018736889,0.8705748050319535,0.8862492320026811,0.8864697981263111,0.8914563552249476,48,47,1,0
235,0.11521031144171907,0.11519686854035556,0.09981554359017308,0.1327089443384586,0.8848031314596444,0.8847896885582809,0.8672910556615414,0.9001844564098269,48,47,1,0
236,0.10648221025683975,0.13437561100512527,0.09434609632565505,0.12094711380573553,0.8656243889948747,0.8935177897431602,0.8790528861942645,0.905653903674345,47,47,1,0
237,0.10101276299232172,0.12261378047240219,0.10861830282062812,0.07839759668724477,0.8773862195275978,0.8989872370076782,0.9216024033127552,0.8913816971793719,47,47,1,0
238,0.11528496948729479,0.08006426335391144,0.14115395769734063,0.07065319516193214,0.9199357366460885,0.8847150305127052,0.9293468048380679,0.8588460423026594,47,46,1,0
239,0.14782062436400728,0.0723198618285988,0.15046654920504354,0.1480677371328507,0.9276801381714012,0.8521793756359928,0.8519322628671493,0.8495334507949565,45,46,1,0
240,0.1571332158717102,0.14973440379951738,0.13170230079253575,0.14214797604166196,0.8502655962004826,0.8428667841282897,0.857852023958338,0.8682976992074642,45,44,1,0
241,0.1383689674592024,0.14381464270832864,0.14796662804658922,0.09165690517135894,0.8561853572916713,0.8616310325407976,0.9083430948286411,0.8520333719534108,45,44,1,0
242,0.15463329471325588,0.0933235718380256,0.2159634225805892,0.13240708893068964,0.9066764281619744,0.8453667052867442,0.8675929110693104,0.7840365774194108,45,43,1,0
243,0.22263008924725586,0.13407375559735632,0.1794524446912258,0.08384403394496864,0.8659262444026437,0.7773699107527441,0.9161559660550314,0.8205475553087742,44,43,1,0
244,0.18611911135789244,0.0855107006116353,0.19667205195166537,0.0821824051236153,0.9144892993883647,0.8138808886421076,0.9178175948763847,0.8033279480483346,44,42,1,0
245,0.20333871861833203,0.08384907179028196,0.20614168156575685,0.07571438508774042,0.916150928209718,0.796661281381668,0.9242856149122596,0.7938583184342431,44,41,1,0
246,0.2128083482324235,0.07738105175440708,0.22621825465823575,0.06193776263311723,0.9226189482455929,0.7871916517675766,0.9380622373668828,0.7737817453417642,43,41,1,0
247,0.2328849213249024,0.0636044292997839,0.23145041389973176,0.17604382249139205,0.9363955707002161,0.7671150786750975,0.823956177508608,0.7685495861002682,42,41,1,0
248,0.2381170805663984,0.17771048915805873,0.20796981960652716,0.07660826297356649,0.8222895108419412,0.7618829194336016,0.9233917370264335,0.7920301803934728,41,41,1,0
249,0.21463648627319382,0.07827492964023315,0.16777006517555249,0.12588761315497998,0.9217250703597668,0.7853635137268062,0.87411238684502,0.8322299348244475,41,41,1,0
250,0.17443673184221914,0.12755427982164666,0.25886777275302564,0.15606584260659928,0.8724457201783533,0.8255632681577809,0.8439341573934007,0.7411322272469744,41,41,1,0
251,0.2655344394196923,0.15773250927326596,0.26699290744757653,0.06897624212762787,0.842267490726734,0.7344655605803077,0.9310237578723721,0.7330070925524235,41,41,1,0
252,0.2736595741142432,0.07064290879429454,0.20870640888323366,0.08628473967572492,0.9293570912057054,0.7263404258857569,0.9137152603242751,0.7912935911167663,40,40,1,0
253,0.21537307554990032,0.08795140634239158,0.19857326018385058,0.13330859549116247,0.9120485936576084,0.7846269244500996,0.8666914045088375,0.8014267398161494,40,40,1,0
254,0.20523992685051723,0.13497526215782915,0.259212991937559,0.08168759212475651,0.8650247378421708,0.7947600731494828,0.9183124078752435,0.740787008062441,40,39,1,0
255,0.26587965860422563,0.08335425879142318,0.2562932293519937,0.08125467536075892,0.9166457412085768,0.7341203413957744,0.9187453246392411,0.7437067706480063,40,39,1,0
256,0.2629598960186604,0.08292134202742558,0.18579481313728485,0.048737352369918274,0.9170786579725744,0.7370401039813397,0.9512626476300817,0.8142051868627151,39,39,1,0
257,0.1924614798039515,0.050404019036584945,0.16698809011823768,0.0851858063818749,0.949595980963415,0.8075385201960485,0.9148141936181251,0.8330119098817623,38,38,1,0
258,0.17365475678490433,0.08685247304854156,0.138514972357479,0.07102573650261612,0.9131475269514584,0.8263452432150957,0.9289742634973839,0.861485027642521,38,37,1,0
259,0.14518163902414566,0.07269240316928278,0.2350847488370308,0.08109857431082512,0.9273075968307172,0.8548183609758544,0.9189014256891749,0.7649152511629692,38,37,1,0
260,0.24175141550369744,0.08276524097749179,0.25123851051773816,0.04488308217952752,0.9172347590225082,0.7582485844963025,0.9551169178204725,0.7487614894822618,38,37,1,0
261,0.2579051771844048,0.04654974884619419,0.18971610862042443,0.08008077092251453,0.9534502511538058,0.7420948228155952,0.9199192290774855,0.8102838913795756,37,37,1,0
262,0.19638277528709108,0.0817474375891812,0.230309292968931,0.05562569134485695,0.9182525624108188,0.803617224712909,0.944374308655143,0.769690707031069,37,37,1,0
263,0.23697595963559764,0.057292358011523624,0.15168684826783108,0.08719650431935388,0.9427076419884763,0.7630240403644024,0.9128034956806461,0.8483131517321689,37,36,1,0
264,0.15835351493449773,0.08886317098602055,0.159144023328172,0.07342671833525982,0.9111368290139794,0.8416464850655023,0.9265732816647402,0.840855976671828,37,36,1,0
265,0.16581068999483867,0.07509338500192649,0.164899372791816,0.10352798990160295,0.9249066149980735,0.8341893100051614,0.896472010098397,0.835100627208184,36,36,1,0
266,0.17156603945848264,0.10519465656826961,0.13351085496936643,0.11634156747336899,0.8948053434317303,0.8284339605415174,0.883658432526631,0.8664891450306336,36,35,1,0
267,0.1401775216360331,0.11800823414003565,0.11988946849135607,0.06668168978120514,0.8819917658599643,0.859822478363967,0.9333183102187949,0.8801105315086439,35,35,1,0
268,0.12655613515802272,0.06834835644787181,0.14883622359513382,0.13216830335166774,0.9316516435521282,0.8734438648419773,0.8678316966483323,0.8511637764048662,34,34,1,0
269,0.15550289026180047,0.13383497001833441,0.13591497093694405,0.08920414971197899,0.8661650299816656,0.8444971097381995,0.910795850288021,0.864085029063056,34,34,1,0
270,0.1425816376036107,0.09087081637864565,0.18749052824508883,0.11533638577848204,0.9091291836213543,0.8574183623963894,0.884663614221518,0.8125094717549112,34,34,1,0
271,0.19415719491175548,0.1170030524451487,0.14943144803771913,0.08275622572441399,0.8829969475548513,0.8058428050882445,0.917243774275586,0.8505685519622809,34,34,1,0
272,0.15609811470438578,0.08442289239108065,0.21376797213197885,0.0837995396824005,0.9155771076089193,0.8439018852956142,0.9162004603175995,0.7862320278680212,34,33,1,0
273,0.2204346387986455,0.08546620634906717,0.1876036935503379,0.03746270648072492,0.9145337936509328,0.7795653612013544,0.9625372935192751,0.8123963064496621,34,33,1,0
274,0.19427036021700456,0.03912937314739159,0.244074378447377,0.06530127191178714,0.9608706268526084,0.8057296397829954,0.9346987280882129,0.755925621552623,33,33,1,0
275,0.25074104511404366,0.0669679385784538,0.25703571701933225,0.044201501868016524,0.9330320614215462,0.7492589548859563,0.9557984981319835,0.7429642829806677,33,33,1,0
276,0.2637023836859989,0.045868168534683194,0.12517653131141548,0.12670896107860274,0.9541318314653168,0.7362976163140011,0.8732910389213973,0.8748234686885845,33,33,1,0
277,0.13184319797808214,0.12837562774526942,0.19988164632046734,0.06591588929687964,0.8716243722547306,0.8681568020219179,0.9340841107031204,0.8001183536795327,33,32,1,0
278,0.206548312987134,0.0675825559635463,0.2345542304027205,0.046968968963355784,0.9324174440364537,0.7934516870128661,0.9530310310366442,0.7654457695972795,33,32,1,0
279,0.24122089706938715,0.048635635630022454,0.09624831021214586,0.04081822154515069,0.9513643643699775,0.7587791029306128,0.9591817784548493,0.9037516897878541,33,32,1,0
280,0.10291497687881253,0.04248488821181736,0.21159863352784247,0.05037455183000761,0.9575151117881826,0.8970850231211874,0.9496254481699924,0.7884013664721575,32,31,1,0
281,0.21826530019450913,0.05204121849667428,0.15138714954787458,0.04850312659219114,0.9479587815033257,0.7817346998054908,0.9514968734078089,0.8486128504521254,31,31,1,0
282,0.15805381621454123,0.05016979325885781,0.2032974718973295,0.05529748649954069,0.9498302067411422,0.8419461837854587,0.9447025135004593,0.7967025281026705,31,30,1,0
283,0.20996413856399615,0.056964153166207364,0.18843912373896665,0.06223038744073994,0.9430358468337926,0.7900358614360039,0.9377696125592601,0.8115608762610333,31,30,1,0
284,0.1951057904056333,0.0638970541074066,0.06064598032050739,0.07597302830515595,0.9361029458925934,0.8048942095943667,0.924026971694844,0.9393540196794926,29,30,1,0
285,0.06731264698717405,0.07763969497182262,0.14052733349502355,0.047056636891566805,0.9223603050281773,0.9326873530128259,0.9529433631084332,0.8594726665049764,29,30,1,0
286,0.1471940001616902,0.048723303558233476,0.18664603007488278,0.058757620030486346,0.9512766964417665,0.8528059998383097,0.9412423799695137,0.8133539699251172,29,30,1,0
287,0.19331269674154944,0.06042428669715302,0.13531632496089674,0.06619685440079415,0.939575713302847,0.8066873032584505,0.9338031455992059,0.8646836750391033,29,30,1,0
288,0.1419829916275634,0.06786352106746081,0.08459666937500643,0.048321161592446815,0.9321364789325391,0.8580170083724366,0.9516788384075532,0.9154033306249936,29,29,1,0
289,0.0912633360416731,0.049987828259113486,0.13892331536815217,0.0557815015385108,0.9500121717408865,0.9087366639583269,0.9442184984614892,0.8610766846318478,29,29,1,0
290,0.14558998203481882,0.05744816820517747,0.1183294819841344,0.08127756394383823,0.9425518317948225,0.8544100179651812,0.9187224360561618,0.8816705180158656,28,29,1,0
291,0.12499614865080107,0.08294423061050489,0.2840860001427935,0.0855666950650692,0.9170557693894951,0.8750038513491989,0.9144333049349308,0.7159139998572065,28,29,1,0
292,0.29075266680946016,0.08723336173173586,0.1371403857801684,0.09360752750979207,0.9127666382682641,0.7092473331905398,0.9063924724902079,0.8628596142198316,28,29,1,0
293,0.14380705244683506,0.09527419417645873,0.27422970273377656,0.09939607840353715,0.9047258058235412,0.8561929475531649,0.9006039215964629,0.7257702972662234,28,29,1,0
294,0.2808963694004432,0.10106274507020381,0.27802007930856343,0.12554651394301586,0.8989372549297961,0.7191036305995568,0.8744534860569841,0.7219799206914366,27,29,1,0
295,0.2846867459752301,0.12721318060968254,0.2127968589242416,0.0771548762680021,0.8727868193903174,0.71531325402477,0.9228451237319979,0.7872031410757584,26,27,0,0
296,0.21946352559090826,0.07882154293466877,0.11906426931975911,0.08528709493870412,0.9211784570653312,0.7805364744090917,0.9147129050612959,0.8809357306802409,26,27,0,0
297,0.12573093598642576,0.08695376160537079,0.15212165101716668,0.042362367941152446,0.9130462383946292,0.8742690640135742,0.9576376320588476,0.8478783489828333,26,27,0,0
298,0.15878831768383334,0.044029034607819116,0.14389313011576677,0.08479169493049898,0.9559709653921808,0.8412116823161666,0.915208305069501,0.8561068698842332,26,27,0,0
299,0.15055979678243342,0.08645836159716565,0.10608518893144514,0.10819101800413089,0.9135416384028343,0.8494402032175665,0.8918089819958691,0.8939148110685549,26,27,0,0
300,0.11275185559811181,0.10985768467079755,0.1367538183105831,0.08583872440382867,0.8901423153292024,0.8872481444018882,0.9141612755961713,0.8632461816894169,26,27,0,0
