candidate_id,candidate_family,candidate_mode,a,sigma,p,q,beta,gamma,ranking_advisory_only,controls_all_preserved,pd8_sentinels_improved,protected_cell_not_harmed,hard_constraint_pass,failed_controls,failed_pd8_sentinels,mean_control_win_delta,mean_pd8_sentinel_win_delta,protected_cell_win_delta,odw_readability_delta,pd_selectivity_delta,pd5_mb_shoulder_contrast_delta,mb8_pd5_win_delta,mean_runtime_c_conn_delta,mean_runtime_collapse_delta,smoothness_score
A_a015_s010_q1,A,candidate_a,0.15,0.1,1.0,1.0,0.0,0.0,True,True,False,False,False,,FR5_MB2_PD8_ODW8,25.0,50.0,-100.0,-0.07099658020933476,50.0,0.0,0.0,-0.0025615835009644705,0.0025615835009644484,-0.04999999999999999
A_a015_s010_q2,A,candidate_a,0.15,0.1,1.0,2.0,0.0,0.0,True,True,False,True,False,,FR5_MB2_PD8_ODW8,0.0,50.0,0.0,-0.08785368451503783,0.0,50.0,0.0,-0.0025615835009644705,0.0025615835009644484,-0.04999999999999999
A_a015_s010_q3,A,candidate_a,0.15,0.1,1.0,3.0,0.0,0.0,True,True,False,False,False,,FR5_MB2_PD8_ODW8,25.0,50.0,-100.0,-0.05551936173076093,66.66666666666667,0.0,50.0,-0.0025615835009644705,0.0025615835009644484,-0.04999999999999999
A_a015_s015_q1,A,candidate_a,0.15,0.15,1.0,1.0,0.0,0.0,True,False,False,False,False,FR2_MB2_PD8_ODW8,"FR5_MB2_PD8_ODW8,FR5_MB5_PD8_ODW8",-25.0,0.0,-100.0,-0.048253115212017084,50.0,0.0,50.0,-0.005424776492648487,0.005424776492648473,0.0
A_a015_s015_q2,A,candidate_a,0.15,0.15,1.0,2.0,0.0,0.0,True,False,False,True,False,FR2_MB2_PD8_ODW8,"FR5_MB2_PD8_ODW8,FR5_MB5_PD8_ODW8",0.0,0.0,0.0,-0.053665933910244115,50.0,-50.0,50.0,-0.005424776492648487,0.005424776492648473,0.0
A_a015_s015_q3,A,candidate_a,0.15,0.15,1.0,3.0,0.0,0.0,True,False,False,False,False,FR2_MB2_PD8_ODW8,"FR5_MB2_PD8_ODW8,FR5_MB5_PD8_ODW8",-25.0,0.0,-100.0,-0.057035899116855145,16.666666666666664,-50.0,50.0,-0.005424776492648487,0.005424776492648473,0.0
A_a015_s020_q1,A,candidate_a,0.15,0.2,1.0,1.0,0.0,0.0,True,True,False,False,False,,"FR5_MB2_PD8_ODW8,FR5_MB5_PD8_ODW8",0.0,0.0,-100.0,-0.0887060954844954,50.0,-50.0,50.0,-0.007626846098072137,0.00762684609807212,0.05000000000000002
A_a015_s020_q2,A,candidate_a,0.15,0.2,1.0,2.0,0.0,0.0,True,False,False,False,False,FR2_MB2_PD8_ODW8,"FR5_MB2_PD8_ODW8,FR5_MB5_PD8_ODW8",-25.0,0.0,-100.0,-0.08394078404000986,16.666666666666664,-50.0,50.0,-0.007626846098072137,0.00762684609807212,0.05000000000000002
A_a015_s020_q3,A,candidate_a,0.15,0.2,1.0,3.0,0.0,0.0,True,True,False,False,False,,"FR5_MB2_PD8_ODW8,FR5_MB5_PD8_ODW8",25.0,0.0,-100.0,-0.08912920184341346,16.666666666666664,0.0,50.0,-0.007626846098072137,0.00762684609807212,0.05000000000000002
A_a025_s010_q1,A,candidate_a,0.25,0.1,1.0,1.0,0.0,0.0,True,False,False,False,False,FR2_MB2_PD8_ODW8,"FR5_MB2_PD8_ODW8,FR5_MB5_PD8_ODW8",0.0,0.0,-100.0,-0.0690605041076473,33.33333333333333,0.0,0.0,-0.011326172468325598,0.01132617246832559,-0.15
A_a025_s010_q2,A,candidate_a,0.25,0.1,1.0,2.0,0.0,0.0,True,True,False,False,False,,"FR5_MB2_PD8_ODW8,FR5_MB5_PD8_ODW8",25.0,0.0,-100.0,-0.07516717966060368,33.33333333333333,50.0,0.0,-0.011326172468325598,0.01132617246832559,-0.15
A_a025_s010_q3,A,candidate_a,0.25,0.1,1.0,3.0,0.0,0.0,True,False,False,False,False,FR2_MB2_PD8_ODW8,"FR5_MB2_PD8_ODW8,FR5_MB5_PD8_ODW8",-25.0,0.0,-100.0,-0.0711819238955687,16.666666666666664,0.0,0.0,-0.011326172468325598,0.01132617246832559,-0.15
A_a025_s015_q1,A,candidate_a,0.25,0.15,1.0,1.0,0.0,0.0,True,False,False,False,False,FR2_MB2_PD8_ODW8,FR5_MB5_PD8_ODW8,0.0,50.0,-100.0,-0.05843298779625324,16.666666666666664,50.0,0.0,-0.008544359699783238,0.008544359699783224,-0.1
A_a025_s015_q2,A,candidate_a,0.25,0.15,1.0,2.0,0.0,0.0,True,False,False,False,False,FR8_MB2_PD2_ODW8,"FR5_MB2_PD8_ODW8,FR5_MB5_PD8_ODW8",-25.0,0.0,-100.0,-0.05904462904003266,66.66666666666667,-50.0,50.0,-0.008544359699783238,0.008544359699783224,-0.1
A_a025_s015_q3,A,candidate_a,0.25,0.15,1.0,3.0,0.0,0.0,True,True,False,False,False,,"FR5_MB2_PD8_ODW8,FR5_MB5_PD8_ODW8",25.0,0.0,-100.0,-0.03297018722205554,83.33333333333334,-50.0,50.0,-0.008544359699783238,0.008544359699783224,-0.1
A_a025_s020_q1,A,candidate_a,0.25,0.2,1.0,1.0,0.0,0.0,True,False,False,False,False,FR2_MB2_PD8_ODW8,"FR5_MB2_PD8_ODW8,FR5_MB5_PD8_ODW8",0.0,0.0,-100.0,-0.0789890637647406,33.33333333333333,-50.0,100.0,-0.009021351225688172,0.009021351225688173,-0.04999999999999999
A_a025_s020_q2,A,candidate_a,0.25,0.2,1.0,2.0,0.0,0.0,True,False,False,True,False,FR2_MB2_PD8_ODW8,"FR5_MB2_PD8_ODW8,FR5_MB5_PD8_ODW8",-25.0,0.0,0.0,-0.06296171442261486,50.0,-50.0,50.0,-0.009021351225688172,0.009021351225688173,-0.04999999999999999
A_a025_s020_q3,A,candidate_a,0.25,0.2,1.0,3.0,0.0,0.0,True,False,False,False,False,FR2_MB2_PD8_ODW8,FR5_MB5_PD8_ODW8,0.0,50.0,-100.0,-0.05439423485251019,50.0,-50.0,50.0,-0.009021351225688172,0.009021351225688173,-0.04999999999999999
A_a035_s010_q1,A,candidate_a,0.35,0.1,1.0,1.0,0.0,0.0,True,False,False,False,False,FR2_MB2_PD8_ODW8,"FR5_MB2_PD8_ODW8,FR5_MB5_PD8_ODW8",-25.0,0.0,-100.0,-0.07000568692301312,50.0,-50.0,50.0,-0.012970169613414012,0.012970169613413983,-0.24999999999999997
A_a035_s010_q2,A,candidate_a,0.35,0.1,1.0,2.0,0.0,0.0,True,True,False,False,False,,"FR5_MB2_PD8_ODW8,FR5_MB5_PD8_ODW8",25.0,0.0,-100.0,-0.05861322058205417,16.666666666666664,0.0,0.0,-0.012970169613414012,0.012970169613413983,-0.24999999999999997
A_a035_s010_q3,A,candidate_a,0.35,0.1,1.0,3.0,0.0,0.0,True,True,False,False,False,,"FR5_MB2_PD8_ODW8,FR5_MB5_PD8_ODW8",0.0,0.0,-100.0,-0.06445649406423712,16.666666666666664,-50.0,50.0,-0.012970169613414012,0.012970169613413983,-0.24999999999999997
A_a035_s015_q1,A,candidate_a,0.35,0.15,1.0,1.0,0.0,0.0,True,False,False,True,False,FR8_MB2_PD2_ODW8,"FR5_MB2_PD8_ODW8,FR5_MB5_PD8_ODW8",0.0,0.0,0.0,-0.06837378932977943,33.33333333333333,-50.0,50.0,-0.01699786836379832,0.0169978683637983,-0.19999999999999998
A_a035_s015_q2,A,candidate_a,0.35,0.15,1.0,2.0,0.0,0.0,True,False,False,True,False,FR2_MB2_PD8_ODW8,"FR5_MB2_PD8_ODW8,FR5_MB5_PD8_ODW8",0.0,0.0,0.0,-0.06267632430904665,33.33333333333333,0.0,0.0,-0.01699786836379832,0.0169978683637983,-0.19999999999999998
A_a035_s015_q3,A,candidate_a,0.35,0.15,1.0,3.0,0.0,0.0,True,True,False,True,False,,FR5_MB2_PD8_ODW8,0.0,50.0,0.0,-0.07277222043511364,66.66666666666667,-100.0,100.0,-0.01699786836379832,0.0169978683637983,-0.19999999999999998
A_a035_s020_q1,A,candidate_a,0.35,0.2,1.0,1.0,0.0,0.0,True,False,False,False,False,FR2_MB2_PD8_ODW8,"FR5_MB2_PD8_ODW8,FR5_MB5_PD8_ODW8",-25.0,0.0,-100.0,-0.07292181928633856,50.0,-50.0,50.0,-0.01254805829138609,0.012548058291386065,-0.14999999999999997
A_a035_s020_q2,A,candidate_a,0.35,0.2,1.0,2.0,0.0,0.0,True,True,False,False,False,,"FR5_MB2_PD8_ODW8,FR5_MB5_PD8_ODW8",25.0,0.0,-100.0,-0.04861652451232831,33.33333333333333,0.0,0.0,-0.01254805829138609,0.012548058291386065,-0.14999999999999997
A_a035_s020_q3,A,candidate_a,0.35,0.2,1.0,3.0,0.0,0.0,True,False,False,False,False,FR2_MB2_PD8_ODW8,"FR5_MB2_PD8_ODW8,FR5_MB5_PD8_ODW8",0.0,0.0,-100.0,-0.0420671526599622,33.33333333333333,0.0,0.0,-0.01254805829138609,0.012548058291386065,-0.14999999999999997
A_a045_s010_q1,A,candidate_a,0.45,0.1,1.0,1.0,0.0,0.0,True,True,False,False,False,,"FR5_MB2_PD8_ODW8,FR5_MB5_PD8_ODW8",0.0,0.0,-100.0,-0.07611260476070911,33.33333333333333,-50.0,50.0,-0.02087541554097019,0.02087541554097017,-0.35
A_a045_s010_q2,A,candidate_a,0.45,0.1,1.0,2.0,0.0,0.0,True,True,False,False,False,,"FR5_MB2_PD8_ODW8,FR5_MB5_PD8_ODW8",25.0,0.0,-100.0,-0.08404464483096082,50.0,0.0,0.0,-0.02087541554097019,0.02087541554097017,-0.35
A_a045_s010_q3,A,candidate_a,0.45,0.1,1.0,3.0,0.0,0.0,True,False,False,False,False,FR2_MB2_PD8_ODW8,"FR5_MB2_PD8_ODW8,FR5_MB5_PD8_ODW8",-25.0,0.0,-100.0,-0.0862916236731419,33.33333333333333,0.0,0.0,-0.02087541554097019,0.02087541554097017,-0.35
A_a045_s015_q1,A,candidate_a,0.45,0.15,1.0,1.0,0.0,0.0,True,True,False,False,False,,"FR5_MB2_PD8_ODW8,FR5_MB5_PD8_ODW8",25.0,0.0,-100.0,-0.09235626741448594,16.666666666666664,-50.0,50.0,-0.02433212803479694,0.024332128034796927,-0.30000000000000004
A_a045_s015_q2,A,candidate_a,0.45,0.15,1.0,2.0,0.0,0.0,True,True,False,True,False,,"FR5_MB2_PD8_ODW8,FR5_MB5_PD8_ODW8",25.0,0.0,0.0,-0.08093045236211727,33.33333333333333,0.0,0.0,-0.02433212803479694,0.024332128034796927,-0.30000000000000004
A_a045_s015_q3,A,candidate_a,0.45,0.15,1.0,3.0,0.0,0.0,True,False,False,True,False,FR2_MB2_PD8_ODW8,FR5_MB5_PD8_ODW8,0.0,50.0,0.0,-0.0654135366302158,50.0,50.0,0.0,-0.02433212803479694,0.024332128034796927,-0.30000000000000004
A_a045_s020_q1,A,candidate_a,0.45,0.2,1.0,1.0,0.0,0.0,True,True,False,False,False,,"FR5_MB2_PD8_ODW8,FR5_MB5_PD8_ODW8",25.0,0.0,-100.0,-0.07534250074261503,50.0,0.0,0.0,-0.02403298293852925,0.024032982938529224,-0.25
A_a045_s020_q2,A,candidate_a,0.45,0.2,1.0,2.0,0.0,0.0,True,False,False,True,False,FR2_MB2_PD8_ODW8,"FR5_MB2_PD8_ODW8,FR5_MB5_PD8_ODW8",-25.0,0.0,0.0,-0.057336621400975674,33.33333333333333,-100.0,100.0,-0.02403298293852925,0.024032982938529224,-0.25
A_a045_s020_q3,A,candidate_a,0.45,0.2,1.0,3.0,0.0,0.0,True,True,False,False,False,,"FR5_MB2_PD8_ODW8,FR5_MB5_PD8_ODW8",0.0,0.0,-100.0,-0.07891183674068393,33.33333333333333,-50.0,50.0,-0.02403298293852925,0.024032982938529224,-0.25
A_a055_s010_q1,A,candidate_a,0.55,0.1,1.0,1.0,0.0,0.0,True,False,False,True,False,FR2_MB2_PD8_ODW8,"FR5_MB2_PD8_ODW8,FR5_MB5_PD8_ODW8",0.0,0.0,0.0,-0.065803296944242,16.666666666666664,50.0,0.0,-0.02759849435183048,0.027598494351830462,-0.45000000000000007
A_a055_s010_q2,A,candidate_a,0.55,0.1,1.0,2.0,0.0,0.0,True,False,False,True,False,FR2_MB2_PD8_ODW8,"FR5_MB2_PD8_ODW8,FR5_MB5_PD8_ODW8",-25.0,0.0,0.0,-0.0730269439590388,-16.66666666666667,0.0,50.0,-0.02759849435183048,0.027598494351830462,-0.45000000000000007
A_a055_s010_q3,A,candidate_a,0.55,0.1,1.0,3.0,0.0,0.0,True,True,False,True,False,,"FR5_MB2_PD8_ODW8,FR5_MB5_PD8_ODW8",25.0,0.0,0.0,-0.06914836022887072,33.33333333333333,0.0,0.0,-0.02759849435183048,0.027598494351830462,-0.45000000000000007
A_a055_s015_q1,A,candidate_a,0.55,0.15,1.0,1.0,0.0,0.0,True,True,False,True,False,,"FR5_MB2_PD8_ODW8,FR5_MB5_PD8_ODW8",25.0,0.0,0.0,-0.09108413905071627,33.33333333333333,0.0,0.0,-0.02639211428535868,0.026392114285358658,-0.4
A_a055_s015_q2,A,candidate_a,0.55,0.15,1.0,2.0,0.0,0.0,True,False,False,True,False,FR2_MB2_PD8_ODW8,"FR5_MB2_PD8_ODW8,FR5_MB5_PD8_ODW8",-25.0,0.0,0.0,-0.06619045965607104,33.33333333333333,0.0,0.0,-0.02639211428535868,0.026392114285358658,-0.4
A_a055_s015_q3,A,candidate_a,0.55,0.15,1.0,3.0,0.0,0.0,True,False,False,False,False,FR2_MB2_PD8_ODW8,"FR5_MB2_PD8_ODW8,FR5_MB5_PD8_ODW8",0.0,0.0,-100.0,-0.08375492414959931,33.33333333333333,0.0,0.0,-0.02639211428535868,0.026392114285358658,-0.4
A_a055_s020_q1,A,candidate_a,0.55,0.2,1.0,1.0,0.0,0.0,True,False,False,False,False,FR2_MB2_PD8_ODW8,"FR5_MB2_PD8_ODW8,FR5_MB5_PD8_ODW8",-25.0,0.0,-100.0,-0.07626149798088028,50.0,-50.0,50.0,-0.024622714094357148,0.024622714094357134,-0.35000000000000003
A_a055_s020_q2,A,candidate_a,0.55,0.2,1.0,2.0,0.0,0.0,True,False,False,False,False,FR8_MB2_PD2_ODW8,"FR5_MB2_PD8_ODW8,FR5_MB5_PD8_ODW8",-25.0,0.0,-100.0,-0.09072722035468847,33.33333333333333,-50.0,50.0,-0.024622714094357148,0.024622714094357134,-0.35000000000000003
A_a055_s020_q3,A,candidate_a,0.55,0.2,1.0,3.0,0.0,0.0,True,True,False,False,False,,"FR5_MB2_PD8_ODW8,FR5_MB5_PD8_ODW8",0.0,0.0,-100.0,-0.08397884054101455,33.33333333333333,0.0,0.0,-0.024622714094357148,0.024622714094357134,-0.35000000000000003
A_a065_s010_q1,A,candidate_a,0.65,0.1,1.0,1.0,0.0,0.0,True,False,False,False,False,FR2_MB2_PD8_ODW8,"FR5_MB2_PD8_ODW8,FR5_MB5_PD8_ODW8",-25.0,0.0,-100.0,-0.06239191781404784,16.666666666666664,0.0,0.0,-0.03107857791177226,0.031078577911772244,-0.55
A_a065_s010_q2,A,candidate_a,0.65,0.1,1.0,2.0,0.0,0.0,True,True,False,False,False,,"FR5_MB2_PD8_ODW8,FR5_MB5_PD8_ODW8",25.0,0.0,-100.0,-0.07334570063704139,66.66666666666667,-100.0,100.0,-0.03107857791177226,0.031078577911772244,-0.55
A_a065_s010_q3,A,candidate_a,0.65,0.1,1.0,3.0,0.0,0.0,True,True,False,True,False,,FR5_MB2_PD8_ODW8,25.0,50.0,0.0,-0.051046981059399754,50.0,0.0,0.0,-0.03107857791177226,0.031078577911772244,-0.55
A_a065_s015_q1,A,candidate_a,0.65,0.15,1.0,1.0,0.0,0.0,True,True,False,False,False,,"FR5_MB2_PD8_ODW8,FR5_MB5_PD8_ODW8",0.0,0.0,-100.0,-0.09470888701225089,0.0,-50.0,50.0,-0.03463088157276657,0.03463088157276656,-0.5
A_a065_s015_q2,A,candidate_a,0.65,0.15,1.0,2.0,0.0,0.0,True,True,False,True,False,,"FR5_MB2_PD8_ODW8,FR5_MB5_PD8_ODW8",0.0,0.0,0.0,-0.09165716377857239,50.0,0.0,0.0,-0.03463088157276657,0.03463088157276656,-0.5
A_a065_s015_q3,A,candidate_a,0.65,0.15,1.0,3.0,0.0,0.0,True,True,False,True,False,,FR5_MB2_PD8_ODW8,25.0,50.0,0.0,-0.10383519587503323,83.33333333333334,0.0,0.0,-0.03463088157276657,0.03463088157276656,-0.5
A_a065_s020_q1,A,candidate_a,0.65,0.2,1.0,1.0,0.0,0.0,True,False,False,False,False,FR2_MB2_PD8_ODW8,"FR5_MB2_PD8_ODW8,FR5_MB5_PD8_ODW8",-25.0,0.0,-100.0,-0.07868962328132725,33.33333333333333,0.0,0.0,-0.03276020726338701,0.032760207263387,-0.45
A_a065_s020_q2,A,candidate_a,0.65,0.2,1.0,2.0,0.0,0.0,True,False,False,False,False,FR2_MB2_PD8_ODW8,"FR5_MB2_PD8_ODW8,FR5_MB5_PD8_ODW8",0.0,0.0,-100.0,-0.0581738339225929,66.66666666666667,-50.0,50.0,-0.03276020726338701,0.032760207263387,-0.45
A_a065_s020_q3,A,candidate_a,0.65,0.2,1.0,3.0,0.0,0.0,True,True,False,False,False,,"FR5_MB2_PD8_ODW8,FR5_MB5_PD8_ODW8",0.0,0.0,-100.0,-0.07279971742608798,33.33333333333333,0.0,0.0,-0.03276020726338701,0.032760207263387,-0.45
B_a015_s010_b15,B,candidate_b,0.15,0.1,1.0,1.0,1.5,0.0,True,False,False,False,False,FR2_MB2_PD8_ODW8,FR5_MB5_PD8_ODW8,-25.0,50.0,-100.0,-0.05480441539239155,50.0,50.0,0.0,-0.0033670732176778943,0.003367073217677888,-0.07999999999999999
B_a015_s010_b30,B,candidate_b,0.15,0.1,1.0,1.0,3.0,0.0,True,False,False,False,False,FR2_MB2_PD8_ODW8,"FR5_MB2_PD8_ODW8,FR5_MB5_PD8_ODW8",-25.0,0.0,-100.0,-0.04442950886628256,16.666666666666664,-50.0,50.0,-0.00017423548035702926,0.00017423548035701666,-0.10999999999999999
B_a015_s015_b15,B,candidate_b,0.15,0.15,1.0,1.0,1.5,0.0,True,True,False,False,False,,FR5_MB2_PD8_ODW8,25.0,50.0,-100.0,-0.06271311545993992,66.66666666666667,0.0,50.0,-0.003005605592378179,0.0030056055923781536,-0.03
B_a015_s015_b30,B,candidate_b,0.15,0.15,1.0,1.0,3.0,0.0,True,False,False,False,False,FR2_MB2_PD8_ODW8,"FR5_MB2_PD8_ODW8,FR5_MB5_PD8_ODW8",0.0,0.0,-100.0,-0.053280079107042286,50.0,50.0,0.0,-0.000851918990576219,0.0008519189905762032,-0.06
B_a015_s020_b15,B,candidate_b,0.15,0.2,1.0,1.0,1.5,0.0,True,True,False,False,False,,FR5_MB5_PD8_ODW8,0.0,50.0,-100.0,-0.04452063374615305,50.0,50.0,0.0,6.963304085903157e-05,-6.96330408590609e-05,0.020000000000000018
B_a015_s020_b30,B,candidate_b,0.15,0.2,1.0,1.0,3.0,0.0,True,True,False,True,False,,"FR5_MB2_PD8_ODW8,FR5_MB5_PD8_ODW8",0.0,0.0,0.0,-0.06027055529436132,33.33333333333333,-50.0,50.0,-0.001859188509887033,0.0018591885098870103,-0.009999999999999981
B_a025_s010_b15,B,candidate_b,0.25,0.1,1.0,1.0,1.5,0.0,True,True,False,True,False,,"FR5_MB2_PD8_ODW8,FR5_MB5_PD8_ODW8",25.0,0.0,0.0,-0.052546860901458034,0.0,0.0,50.0,-0.0029740399545397037,0.0029740399545396686,-0.18
B_a025_s010_b30,B,candidate_b,0.25,0.1,1.0,1.0,3.0,0.0,True,True,False,False,False,,"FR5_MB2_PD8_ODW8,FR5_MB5_PD8_ODW8",25.0,0.0,-100.0,-0.051454262946105195,33.33333333333333,-50.0,50.0,-0.004336601915000606,0.004336601915000581,-0.21
B_a025_s015_b15,B,candidate_b,0.25,0.15,1.0,1.0,1.5,0.0,True,True,False,False,False,,"FR5_MB2_PD8_ODW8,FR5_MB5_PD8_ODW8",0.0,0.0,-100.0,-0.07983622619472619,16.666666666666664,-50.0,50.0,-0.007219621639554933,0.007219621639554916,-0.13
B_a025_s015_b30,B,candidate_b,0.25,0.15,1.0,1.0,3.0,0.0,True,True,False,False,False,,"FR5_MB2_PD8_ODW8,FR5_MB5_PD8_ODW8",25.0,0.0,-100.0,-0.06562045908808962,50.0,0.0,0.0,-0.002281334652894308,0.002281334652894286,-0.16
B_a025_s020_b15,B,candidate_b,0.25,0.2,1.0,1.0,1.5,0.0,True,False,False,True,False,FR2_MB2_PD8_ODW8,"FR5_MB2_PD8_ODW8,FR5_MB5_PD8_ODW8",-25.0,0.0,0.0,-0.05952398820575372,66.66666666666667,0.0,50.0,-0.0047506447773337035,0.004750644777333683,-0.07999999999999999
B_a025_s020_b30,B,candidate_b,0.25,0.2,1.0,1.0,3.0,0.0,True,False,False,False,False,FR2_MB2_PD8_ODW8,FR5_MB2_PD8_ODW8,-25.0,50.0,-100.0,-0.04841896117027314,66.66666666666667,0.0,0.0,-0.003449236898152665,0.0034492368981526595,-0.10999999999999999
B_a035_s010_b15,B,candidate_b,0.35,0.1,1.0,1.0,1.5,0.0,True,False,False,True,False,FR2_MB2_PD8_ODW8,"FR5_MB2_PD8_ODW8,FR5_MB5_PD8_ODW8",-25.0,0.0,0.0,-0.048017349447753536,50.0,-50.0,50.0,-0.004633506105566176,0.004633506105566154,-0.27999999999999997
B_a035_s010_b30,B,candidate_b,0.35,0.1,1.0,1.0,3.0,0.0,True,False,False,False,False,"FR2_MB2_PD8_ODW8,FR8_MB2_PD2_ODW8",FR5_MB2_PD8_ODW8,-50.0,50.0,-100.0,-0.07386497867899566,50.0,-50.0,50.0,-0.005542309878631837,0.0055423098786318145,-0.30999999999999994
B_a035_s015_b15,B,candidate_b,0.35,0.15,1.0,1.0,1.5,0.0,True,False,False,True,False,FR2_MB2_PD8_ODW8,"FR5_MB2_PD8_ODW8,FR5_MB5_PD8_ODW8",25.0,0.0,0.0,-0.060098310614389944,16.666666666666664,-50.0,50.0,-0.00323301598662883,0.0032330159866288135,-0.22999999999999998
B_a035_s015_b30,B,candidate_b,0.35,0.15,1.0,1.0,3.0,0.0,True,True,False,True,False,,"FR5_MB2_PD8_ODW8,FR5_MB5_PD8_ODW8",0.0,0.0,0.0,-0.07499007047774515,0.0,0.0,50.0,-0.008831682806036446,0.008831682806036436,-0.26
B_a035_s020_b15,B,candidate_b,0.35,0.2,1.0,1.0,1.5,0.0,True,True,False,True,False,,"FR5_MB2_PD8_ODW8,FR5_MB5_PD8_ODW8",25.0,0.0,0.0,-0.082206380342532,50.0,-50.0,50.0,-0.004533527686780407,0.004533527686780397,-0.17999999999999997
B_a035_s020_b30,B,candidate_b,0.35,0.2,1.0,1.0,3.0,0.0,True,True,False,False,False,,FR5_MB2_PD8_ODW8,0.0,50.0,-100.0,-0.05333521455960411,66.66666666666667,-100.0,100.0,-0.007672103531100629,0.00767210353110061,-0.20999999999999996
B_a045_s010_b15,B,candidate_b,0.45,0.1,1.0,1.0,1.5,0.0,True,True,False,True,False,,"FR5_MB2_PD8_ODW8,FR5_MB5_PD8_ODW8",25.0,0.0,0.0,-0.05971454347988252,33.33333333333333,-50.0,50.0,-0.0036240037947189844,0.003624003794718976,-0.38
B_a045_s010_b30,B,candidate_b,0.45,0.1,1.0,1.0,3.0,0.0,True,False,False,False,False,FR2_MB2_PD8_ODW8,FR5_MB2_PD8_ODW8,-25.0,50.0,-100.0,-0.05914998531428344,66.66666666666667,-50.0,50.0,-0.011308319955734482,0.01130831995573447,-0.41
B_a045_s015_b15,B,candidate_b,0.45,0.15,1.0,1.0,1.5,0.0,True,True,False,True,False,,"FR5_MB2_PD8_ODW8,FR5_MB5_PD8_ODW8",25.0,0.0,0.0,-0.05672000775391197,33.33333333333333,0.0,50.0,-0.0009724923392582847,0.000972492339258256,-0.33000000000000007
B_a045_s015_b30,B,candidate_b,0.45,0.15,1.0,1.0,3.0,0.0,True,True,False,False,False,,FR5_MB2_PD8_ODW8,25.0,50.0,-100.0,-0.0679757395776841,100.0,0.0,0.0,-0.009367812936370871,0.009367812936370847,-0.36000000000000004
B_a045_s020_b15,B,candidate_b,0.45,0.2,1.0,1.0,1.5,0.0,True,True,False,True,False,,"FR5_MB2_PD8_ODW8,FR5_MB5_PD8_ODW8",25.0,0.0,0.0,-0.07054781696904046,33.33333333333333,0.0,0.0,-0.006471532812233424,0.006471532812233393,-0.28
B_a045_s020_b30,B,candidate_b,0.45,0.2,1.0,1.0,3.0,0.0,True,False,False,True,False,FR2_MB2_PD8_ODW8,"FR5_MB2_PD8_ODW8,FR5_MB5_PD8_ODW8",0.0,0.0,0.0,-0.05987554339537856,16.666666666666664,-50.0,50.0,-0.005996367886901676,0.005996367886901665,-0.31
B_a055_s010_b15,B,candidate_b,0.55,0.1,1.0,1.0,1.5,0.0,True,False,False,False,False,FR2_MB2_PD8_ODW8,"FR5_MB2_PD8_ODW8,FR5_MB5_PD8_ODW8",0.0,0.0,-100.0,-0.0656207659953546,33.33333333333333,-50.0,50.0,-0.004127925535556914,0.004127925535556895,-0.4800000000000001
B_a055_s010_b30,B,candidate_b,0.55,0.1,1.0,1.0,3.0,0.0,True,False,False,True,False,FR8_MB2_PD2_ODW8,"FR5_MB2_PD8_ODW8,FR5_MB5_PD8_ODW8",-25.0,0.0,0.0,-0.05998247733468265,33.33333333333333,0.0,0.0,-0.004417378043316342,0.004417378043316326,-0.51
B_a055_s015_b15,B,candidate_b,0.55,0.15,1.0,1.0,1.5,0.0,True,True,False,True,False,,"FR5_MB2_PD8_ODW8,FR5_MB5_PD8_ODW8",0.0,0.0,0.0,-0.06348526726509782,33.33333333333333,-50.0,50.0,-0.008850559586855626,0.008850559586855601,-0.43000000000000005
B_a055_s015_b30,B,candidate_b,0.55,0.15,1.0,1.0,3.0,0.0,True,False,False,False,False,FR2_MB2_PD8_ODW8,"FR5_MB2_PD8_ODW8,FR5_MB5_PD8_ODW8",0.0,0.0,-100.0,-0.061639031353800035,50.0,0.0,0.0,-0.004529944453839378,0.004529944453839366,-0.46
B_a055_s020_b15,B,candidate_b,0.55,0.2,1.0,1.0,1.5,0.0,True,False,False,False,False,FR2_MB2_PD8_ODW8,"FR5_MB2_PD8_ODW8,FR5_MB5_PD8_ODW8",-25.0,0.0,-100.0,-0.054919638227773473,66.66666666666667,0.0,0.0,-0.00500828918343516,0.005008289183435138,-0.38
B_a055_s020_b30,B,candidate_b,0.55,0.2,1.0,1.0,3.0,0.0,True,True,False,True,False,,"FR5_MB2_PD8_ODW8,FR5_MB5_PD8_ODW8",0.0,0.0,0.0,-0.066240548615364,66.66666666666667,-50.0,50.0,-0.002849210474731765,0.002849210474731743,-0.41000000000000003
B_a065_s010_b15,B,candidate_b,0.65,0.1,1.0,1.0,1.5,0.0,True,True,False,True,False,,FR5_MB2_PD8_ODW8,0.0,50.0,0.0,-0.07194463121090014,16.666666666666664,-50.0,50.0,-0.008964392246085336,0.008964392246085322,-0.5800000000000001
B_a065_s010_b30,B,candidate_b,0.65,0.1,1.0,1.0,3.0,0.0,True,True,False,False,False,,FR5_MB5_PD8_ODW8,25.0,50.0,-100.0,-0.06904867985793764,66.66666666666667,50.0,0.0,-0.008861316337025275,0.008861316337025261,-0.6100000000000001
B_a065_s015_b15,B,candidate_b,0.65,0.15,1.0,1.0,1.5,0.0,True,True,False,False,False,,"FR5_MB2_PD8_ODW8,FR5_MB5_PD8_ODW8",0.0,0.0,-100.0,-0.08193604330179302,66.66666666666667,0.0,0.0,-0.00925841593085131,0.009258415930851293,-0.53
B_a065_s015_b30,B,candidate_b,0.65,0.15,1.0,1.0,3.0,0.0,True,True,False,False,False,,"FR5_MB2_PD8_ODW8,FR5_MB5_PD8_ODW8",0.0,0.0,-100.0,-0.0599603651579937,16.666666666666664,0.0,0.0,-0.01031038096738683,0.010310380967386804,-0.56
B_a065_s020_b15,B,candidate_b,0.65,0.2,1.0,1.0,1.5,0.0,True,True,False,True,False,,"FR5_MB2_PD8_ODW8,FR5_MB5_PD8_ODW8",0.0,0.0,0.0,-0.06752498318865247,33.33333333333333,0.0,0.0,-0.004896471019750866,0.004896471019750839,-0.48
B_a065_s020_b30,B,candidate_b,0.65,0.2,1.0,1.0,3.0,0.0,True,True,False,False,False,,"FR5_MB2_PD8_ODW8,FR5_MB5_PD8_ODW8",25.0,0.0,-100.0,-0.07832209596466187,33.33333333333333,-50.0,50.0,-0.00642910072439891,0.006429100724398887,-0.51
C_a015_s010_g04_b15,C,candidate_c,0.15,0.1,0.0,1.0,1.5,4.0,True,False,False,True,False,FR2_MB2_PD8_ODW8,FR5_MB5_PD8_ODW8,0.0,50.0,0.0,-0.04967832757088941,33.33333333333333,-50.0,50.0,-0.0009045202992763609,0.0009045202992763457,-0.12
C_a015_s010_g08_b15,C,candidate_c,0.15,0.1,0.0,1.0,1.5,8.0,True,True,False,True,False,,"FR5_MB2_PD8_ODW8,FR5_MB5_PD8_ODW8",25.0,0.0,0.0,-0.09396832852519318,33.33333333333333,-50.0,50.0,-0.004113358294550976,0.004113358294550954,-0.15999999999999998
C_a015_s015_g04_b15,C,candidate_c,0.15,0.15,0.0,1.0,1.5,4.0,True,True,False,True,False,,"FR5_MB2_PD8_ODW8,FR5_MB5_PD8_ODW8",25.0,0.0,0.0,-0.07055049273992846,16.666666666666664,50.0,0.0,0.0003058664809773419,-0.0003058664809773614,-0.07
C_a015_s015_g08_b15,C,candidate_c,0.15,0.15,0.0,1.0,1.5,8.0,True,False,False,True,False,FR8_MB2_PD2_ODW8,"FR5_MB2_PD8_ODW8,FR5_MB5_PD8_ODW8",0.0,0.0,0.0,-0.04275373357190791,16.666666666666664,0.0,50.0,-0.0001950489586019359,0.0001950489586019192,-0.11
C_a015_s020_g04_b15,C,candidate_c,0.15,0.2,0.0,1.0,1.5,4.0,True,True,False,True,False,,"FR5_MB2_PD8_ODW8,FR5_MB5_PD8_ODW8",0.0,0.0,0.0,-0.0546046862996057,16.666666666666664,0.0,0.0,-0.006130507613626349,0.0061305076136263376,-0.019999999999999983
C_a015_s020_g08_b15,C,candidate_c,0.15,0.2,0.0,1.0,1.5,8.0,True,True,False,False,False,,"FR5_MB2_PD8_ODW8,FR5_MB5_PD8_ODW8",0.0,0.0,-100.0,-0.0795540777528666,16.666666666666664,-50.0,50.0,0.001158069744025315,-0.0011580697440253301,-0.059999999999999984
C_a025_s010_g04_b15,C,candidate_c,0.25,0.1,0.0,1.0,1.5,4.0,True,True,False,True,False,,"FR5_MB2_PD8_ODW8,FR5_MB5_PD8_ODW8",0.0,0.0,0.0,-0.05548085396615287,0.0,-50.0,50.0,-0.00384071779702828,0.0038407177970282524,-0.22
C_a025_s010_g08_b15,C,candidate_c,0.25,0.1,0.0,1.0,1.5,8.0,True,True,False,False,False,,"FR5_MB2_PD8_ODW8,FR5_MB5_PD8_ODW8",25.0,0.0,-100.0,-0.06886568390956688,50.0,0.0,50.0,-0.0046697269106885505,0.004669726910688513,-0.26
C_a025_s015_g04_b15,C,candidate_c,0.25,0.15,0.0,1.0,1.5,4.0,True,True,False,False,False,,"FR5_MB2_PD8_ODW8,FR5_MB5_PD8_ODW8",0.0,0.0,-100.0,-0.04848358259175631,50.0,100.0,0.0,-0.004802971348123852,0.004802971348123852,-0.17
C_a025_s015_g08_b15,C,candidate_c,0.25,0.15,0.0,1.0,1.5,8.0,True,False,False,False,False,FR2_MB2_PD8_ODW8,FR5_MB5_PD8_ODW8,0.0,50.0,-100.0,-0.07027159002158075,50.0,-100.0,100.0,-0.006377826018776834,0.006377826018776811,-0.21000000000000002
C_a025_s020_g04_b15,C,candidate_c,0.25,0.2,0.0,1.0,1.5,4.0,True,True,False,False,False,,"FR5_MB2_PD8_ODW8,FR5_MB5_PD8_ODW8",0.0,0.0,-100.0,-0.06027971981364996,33.33333333333333,0.0,0.0,-0.002396140731732908,0.002396140731732891,-0.12
C_a025_s020_g08_b15,C,candidate_c,0.25,0.2,0.0,1.0,1.5,8.0,True,True,False,False,False,,FR5_MB5_PD8_ODW8,0.0,50.0,-100.0,-0.038717900337236495,50.0,0.0,50.0,-0.0004892941491148555,0.0004892941491148329,-0.15999999999999998
C_a035_s010_g04_b15,C,candidate_c,0.35,0.1,0.0,1.0,1.5,4.0,True,False,False,True,False,FR2_MB2_PD8_ODW8,FR5_MB2_PD8_ODW8,0.0,50.0,0.0,-0.05745403882754881,16.666666666666664,-100.0,100.0,-0.005741557537846129,0.005741557537846112,-0.31999999999999995
C_a035_s010_g08_b15,C,candidate_c,0.35,0.1,0.0,1.0,1.5,8.0,True,False,False,True,False,FR2_MB2_PD8_ODW8,"FR5_MB2_PD8_ODW8,FR5_MB5_PD8_ODW8",-25.0,0.0,0.0,-0.059921462913467005,16.666666666666664,-50.0,50.0,-0.006407642242251316,0.006407642242251299,-0.36
C_a035_s015_g04_b15,C,candidate_c,0.35,0.15,0.0,1.0,1.5,4.0,True,False,False,False,False,FR2_MB2_PD8_ODW8,"FR5_MB2_PD8_ODW8,FR5_MB5_PD8_ODW8",0.0,0.0,-100.0,-0.04838742866229685,50.0,-50.0,50.0,0.0007075112891622639,-0.0007075112891622746,-0.26999999999999996
C_a035_s015_g08_b15,C,candidate_c,0.35,0.15,0.0,1.0,1.5,8.0,True,False,False,True,False,FR2_MB2_PD8_ODW8,"FR5_MB2_PD8_ODW8,FR5_MB5_PD8_ODW8",0.0,0.0,0.0,-0.05816086828000507,16.666666666666664,-50.0,50.0,-0.0029461015178279763,0.002946101517827955,-0.31
C_a035_s020_g04_b15,C,candidate_c,0.35,0.2,0.0,1.0,1.5,4.0,True,False,False,False,False,FR2_MB2_PD8_ODW8,FR5_MB2_PD8_ODW8,-25.0,50.0,-100.0,-0.07458166428656172,50.0,-50.0,50.0,-0.0022635876393091625,0.0022635876393091313,-0.21999999999999997
C_a035_s020_g08_b15,C,candidate_c,0.35,0.2,0.0,1.0,1.5,8.0,True,False,False,False,False,FR8_MB2_PD2_ODW8,"FR5_MB2_PD8_ODW8,FR5_MB5_PD8_ODW8",0.0,0.0,-100.0,-0.039272902968179785,33.33333333333333,0.0,0.0,-0.0036237607661711124,0.003623760766171111,-0.25999999999999995
C_a045_s010_g04_b15,C,candidate_c,0.45,0.1,0.0,1.0,1.5,4.0,True,False,False,True,False,FR2_MB2_PD8_ODW8,FR5_MB2_PD8_ODW8,-25.0,50.0,0.0,-0.06186666973221236,50.0,0.0,0.0,-0.005359622129847338,0.0053596221298473174,-0.42
C_a045_s010_g08_b15,C,candidate_c,0.45,0.1,0.0,1.0,1.5,8.0,True,True,False,True,False,,"FR5_MB2_PD8_ODW8,FR5_MB5_PD8_ODW8",25.0,0.0,0.0,-0.06872154294904084,16.666666666666664,0.0,0.0,-0.008756219936995597,0.008756219936995583,-0.46
C_a045_s015_g04_b15,C,candidate_c,0.45,0.15,0.0,1.0,1.5,4.0,True,True,False,False,False,,"FR5_MB2_PD8_ODW8,FR5_MB5_PD8_ODW8",0.0,0.0,-100.0,-0.060127825678940185,33.33333333333333,-50.0,50.0,-0.0064984395810084,0.006498439581008388,-0.37000000000000005
C_a045_s015_g08_b15,C,candidate_c,0.45,0.15,0.0,1.0,1.5,8.0,True,False,False,False,False,FR2_MB2_PD8_ODW8,"FR5_MB2_PD8_ODW8,FR5_MB5_PD8_ODW8",0.0,0.0,-100.0,-0.051499110691312695,50.0,-100.0,100.0,-0.0054218211860518235,0.005421821186051793,-0.4100000000000001
C_a045_s020_g04_b15,C,candidate_c,0.45,0.2,0.0,1.0,1.5,4.0,True,False,False,True,False,FR2_MB2_PD8_ODW8,"FR5_MB2_PD8_ODW8,FR5_MB5_PD8_ODW8",-25.0,0.0,0.0,-0.07444312159141192,33.33333333333333,-50.0,50.0,-0.004569404662398837,0.004569404662398823,-0.32
C_a045_s020_g08_b15,C,candidate_c,0.45,0.2,0.0,1.0,1.5,8.0,True,True,False,True,False,,"FR5_MB2_PD8_ODW8,FR5_MB5_PD8_ODW8",25.0,0.0,0.0,-0.08518396228170996,33.33333333333333,0.0,0.0,-0.004965514936532467,0.004965514936532448,-0.36000000000000004
C_a055_s010_g04_b15,C,candidate_c,0.55,0.1,0.0,1.0,1.5,4.0,True,True,False,False,False,,"FR5_MB2_PD8_ODW8,FR5_MB5_PD8_ODW8",25.0,0.0,-100.0,-0.05924793460000813,33.33333333333333,-50.0,50.0,-0.005010423284922885,0.0050104232849228665,-0.5200000000000001
C_a055_s010_g08_b15,C,candidate_c,0.55,0.1,0.0,1.0,1.5,8.0,True,False,False,True,False,FR2_MB2_PD8_ODW8,"FR5_MB2_PD8_ODW8,FR5_MB5_PD8_ODW8",-25.0,0.0,0.0,-0.06239352890396822,0.0,0.0,0.0,-0.005684583739421121,0.005684583739421104,-0.56
C_a055_s015_g04_b15,C,candidate_c,0.55,0.15,0.0,1.0,1.5,4.0,True,False,False,True,False,FR2_MB2_PD8_ODW8,"FR5_MB2_PD8_ODW8,FR5_MB5_PD8_ODW8",0.0,0.0,0.0,-0.06332672578515171,33.33333333333333,-50.0,50.0,-0.0033711414439961747,0.003371141443996162,-0.47000000000000003
C_a055_s015_g08_b15,C,candidate_c,0.55,0.15,0.0,1.0,1.5,8.0,True,True,False,False,False,,"FR5_MB2_PD8_ODW8,FR5_MB5_PD8_ODW8",0.0,0.0,-100.0,-0.05880518253072358,33.33333333333333,-100.0,100.0,-0.004286279286852707,0.0042862792868526775,-0.51
C_a055_s020_g04_b15,C,candidate_c,0.55,0.2,0.0,1.0,1.5,4.0,True,True,False,False,False,,"FR5_MB2_PD8_ODW8,FR5_MB5_PD8_ODW8",0.0,0.0,-100.0,-0.05967431827940381,50.0,-50.0,50.0,-0.007610568048849969,0.007610568048849953,-0.42
C_a055_s020_g08_b15,C,candidate_c,0.55,0.2,0.0,1.0,1.5,8.0,True,True,False,True,False,,FR5_MB2_PD8_ODW8,25.0,50.0,0.0,-0.0641578257087832,33.33333333333333,-50.0,50.0,-0.006832237648542925,0.006832237648542901,-0.46
C_a065_s010_g04_b15,C,candidate_c,0.65,0.1,0.0,1.0,1.5,4.0,True,False,False,False,False,FR2_MB2_PD8_ODW8,"FR5_MB2_PD8_ODW8,FR5_MB5_PD8_ODW8",0.0,0.0,-100.0,-0.05232497741776067,50.0,0.0,0.0,-0.006833734501374215,0.006833734501374204,-0.6200000000000001
C_a065_s010_g08_b15,C,candidate_c,0.65,0.1,0.0,1.0,1.5,8.0,True,True,False,False,False,,"FR5_MB2_PD8_ODW8,FR5_MB5_PD8_ODW8",0.0,0.0,-100.0,-0.08740990518005988,16.666666666666664,-50.0,50.0,-0.007063132740937178,0.007063132740937161,-0.66
C_a065_s015_g04_b15,C,candidate_c,0.65,0.15,0.0,1.0,1.5,4.0,True,True,False,False,False,,"FR5_MB2_PD8_ODW8,FR5_MB5_PD8_ODW8",0.0,0.0,-100.0,-0.0767474995679337,16.666666666666664,-50.0,50.0,-0.007891179021704487,0.007891179021704456,-0.5700000000000001
C_a065_s015_g08_b15,C,candidate_c,0.65,0.15,0.0,1.0,1.5,8.0,True,True,False,True,False,,"FR5_MB2_PD8_ODW8,FR5_MB5_PD8_ODW8",25.0,0.0,0.0,-0.08954394402513122,33.33333333333333,0.0,0.0,-0.0032240135323955217,0.0032240135323955196,-0.61
C_a065_s020_g04_b15,C,candidate_c,0.65,0.2,0.0,1.0,1.5,4.0,True,True,False,False,False,,FR5_MB2_PD8_ODW8,0.0,50.0,-100.0,-0.05018200472470498,83.33333333333334,-50.0,50.0,-0.007384553920573537,0.007384553920573521,-0.52
C_a065_s020_g08_b15,C,candidate_c,0.65,0.2,0.0,1.0,1.5,8.0,True,True,False,False,False,,FR5_MB5_PD8_ODW8,25.0,50.0,-100.0,-0.04201175950569165,83.33333333333334,0.0,0.0,-0.0001874959131006074,0.00018749591310058248,-0.5599999999999999
